Carrera,Carrito,Equipo,Fecha_y_ hora_Prestamo,Fecha_y_ hora_Devolucion,Modulo,Tipo_Dispositivo,Duracion_Horas_Minutos,Duracion_Minutos
PEDAGOGIA,C06,E16,2024-10-18 17:14:00,2024-10-18 18:45:00,Módulo 2 A-11,Chromebook,1:31,91
PEDAGOGIA,C06,E15,2024-10-18 17:08:00,2024-10-18 18:45:00,Módulo 2 A-11,Chromebook,1:37,97
PEDAGOGIA,C06,E14,2024-10-18 16:57:00,2024-10-18 18:45:00,Módulo 2 A-11,Chromebook,1:48,108
PEDAGOGIA,C06,E13,2024-10-18 16:57:00,2024-10-18 18:45:00,Módulo 2 A-11,Chromebook,1:48,108
DERECHO,C06,E12,2024-10-18 16:54:00,2024-10-18 18:45:00,Módulo 2 A-11,Chromebook,1:51,111
DERECHO,C06,E11,2024-10-18 16:51:00,2024-10-18 18:45:00,Módulo 2 A-11,Chromebook,1:54,114
DERECHO (SUA),C06,E09,2024-10-18 16:50:00,2024-10-18 18:45:00,Módulo 2 A-11,Chromebook,1:55,115
COMUNICACION,C06,E08,2024-10-18 16:37:00,2024-10-18 18:45:00,Módulo 2 A-11,Chromebook,2:08,128
ENSEÃ‘ANZA DE INGLES,C06,E07,2024-10-18 16:20:00,2024-10-18 18:45:00,Módulo 2 A-11,Chromebook,2:25,145
ENSEÃ‘ANZA DE INGLES,C06,E06,2024-10-18 16:17:00,2024-10-18 18:45:00,Módulo 2 A-11,Chromebook,2:28,148
PEDAGOGIA,C06,E05,2024-10-18 16:01:00,2024-10-18 18:31:00,Módulo 2 A-11,Chromebook,2:30,150
FILOSOFIA,C06,E04,2024-10-18 16:00:00,2024-10-18 18:30:00,Módulo 2 A-11,Chromebook,2:30,150
COMUNICACION,C06,E03,2024-10-18 15:40:00,2024-10-18 18:10:00,Módulo 2 A-11,Chromebook,2:30,150
ENSEÃ‘ANZA DE INGLES,C06,E02,2024-10-18 15:36:00,2024-10-18 18:06:00,Módulo 2 A-11,Chromebook,2:30,150
DERECHO,C04,C30,2024-10-18 15:19:00,2024-10-18 17:49:00,Módulo 2 A-11,Chromebook,2:30,150
PEDAGOGIA,C04,C29,2024-10-18 15:17:00,2024-10-18 17:47:00,Módulo 2 A-11,Chromebook,2:30,150
DERECHO,C04,C28,2024-10-18 15:16:00,2024-10-18 17:46:00,Módulo 2 A-11,Chromebook,2:30,150
DERECHO,C04,C27,2024-10-18 15:15:00,2024-10-18 17:45:00,Módulo 2 A-11,Chromebook,2:30,150
PEDAGOGIA,C04,C25,2024-10-18 15:08:00,2024-10-18 17:38:00,Módulo 2 A-11,Chromebook,2:30,150
PEDAGOGIA,C04,C24,2024-10-18 15:01:00,2024-10-18 17:31:00,Módulo 2 A-11,Chromebook,2:30,150
PEDAGOGIA,C04,C23,2024-10-18 15:00:00,2024-10-18 17:30:00,Módulo 2 A-11,Chromebook,2:30,150
DERECHO,C04,C22,2024-10-18 14:51:00,2024-10-18 17:21:00,Módulo 2 A-11,Chromebook,2:30,150
PEDAGOGIA,C04,C21,2024-10-18 14:47:00,2024-10-18 17:17:00,Módulo 2 A-11,Chromebook,2:30,150
PEDAGOGIA,C04,C20,2024-10-18 14:28:00,2024-10-18 16:58:00,Módulo 2 A-11,Chromebook,2:30,150
PEDAGOGIA,C03,E26,2024-10-18 14:10:00,2024-10-18 16:40:00,Módulo 2 A-11,Chromebook,2:30,150
RELACIONES INTERNACIONALES,C03,E25,2024-10-18 13:59:00,2024-10-18 16:29:00,Módulo 2 A-11,Chromebook,2:30,150
INGENIERIA CIVIL,C05,L03,2024-10-18 13:57:00,2024-10-18 16:27:00,Módulo 2 A-11,Laptop,2:30,150
PROFESOR,C03,E24,2024-10-18 13:54:00,2024-10-18 16:24:00,Módulo 2 A-11,Chromebook,2:30,150
LENGUA Y LITERATURAS HISPANICAS,C03,E23,2024-10-18 13:52:00,2024-10-18 16:22:00,Módulo 2 A-11,Chromebook,2:30,150
ENSEÃ‘ANZA DE INGLES,C04,C19,2024-10-18 13:51:00,2024-10-18 16:21:00,Módulo 2 A-11,Chromebook,2:30,150
LENGUA Y LITERATURAS HISPANICAS,C04,C18,2024-10-18 13:36:00,2024-10-18 16:06:00,Módulo 2 A-11,Chromebook,2:30,150
LENGUA Y LITERATURAS HISPANICAS,C03,E21,2024-10-18 13:25:00,2024-10-18 15:55:00,Módulo 2 A-11,Chromebook,2:30,150
LENGUA Y LITERATURAS HISPANICAS,C04,C17,2024-10-18 13:22:00,2024-10-18 15:52:00,Módulo 2 A-11,Chromebook,2:30,150
HISTORIA,C03,E20,2024-10-18 13:13:00,2024-10-18 15:43:00,Módulo 2 A-11,Chromebook,2:30,150
LENGUA Y LITERATURAS HISPANICAS,C04,C16,2024-10-18 13:12:00,2024-10-18 15:42:00,Módulo 2 A-11,Chromebook,2:30,150
LENGUA Y LITERATURAS HISPANICAS,C03,E18,2024-10-18 13:11:00,2024-10-18 15:41:00,Módulo 2 A-11,Chromebook,2:30,150
ECONOMIA,C04,C15,2024-10-18 13:06:00,2024-10-18 15:36:00,Módulo 2 A-11,Chromebook,2:30,150
PEDAGOGIA,C04,C14,2024-10-18 13:06:00,2024-10-18 15:36:00,Módulo 2 A-11,Chromebook,2:30,150
LENGUA Y LITERATURAS HISPANICAS,C03,E17,2024-10-18 13:03:00,2024-10-18 15:33:00,Módulo 2 A-11,Chromebook,2:30,150
LENGUA Y LITERATURAS HISPANICAS,C03,E16,2024-10-18 13:05:00,2024-10-18 15:35:00,Módulo 2 A-11,Chromebook,2:30,150
PEDAGOGIA,C03,E15,2024-10-18 12:54:00,2024-10-18 15:24:00,Módulo 2 A-11,Chromebook,2:30,150
PEDAGOGIA,C03,E14,2024-10-18 12:19:00,2024-10-18 14:49:00,Módulo 2 A-11,Chromebook,2:30,150
DERECHO,C04,C13,2024-10-18 12:17:00,2024-10-18 14:47:00,Módulo 2 A-11,Chromebook,2:30,150
PEDAGOGIA,C04,C12,2024-10-18 11:19:00,2024-10-18 13:49:00,Módulo 2 A-11,Chromebook,2:30,150
PEDAGOGIA,C04,C10,2024-10-18 11:13:00,2024-10-18 13:43:00,Módulo 2 A-11,Chromebook,2:30,150
ECONOMIA,C04,C08,2024-10-18 11:04:00,2024-10-18 13:34:00,Módulo 2 A-11,Chromebook,2:30,150
PEDAGOGIA,C03,E13,2024-10-18 11:02:00,2024-10-18 13:32:00,Módulo 2 A-11,Chromebook,2:30,150
PEDAGOGIA,C03,E12,2024-10-18 10:59:00,2024-10-18 13:29:00,Módulo 2 A-11,Chromebook,2:30,150
DERECHO,C03,E11,2024-10-18 10:54:00,2024-10-18 13:24:00,Módulo 2 A-11,Chromebook,2:30,150
COMUNICACION,C02,T18,2024-10-18 10:52:00,2024-10-18 13:22:00,Módulo 2 A-11,iPad,2:30,150
PEDAGOGIA,C03,E10,2024-10-18 10:45:00,2024-10-18 13:15:00,Módulo 2 A-11,Chromebook,2:30,150
PEDAGOGIA,C04,C07,2024-10-18 10:17:00,2024-10-18 12:47:00,Módulo 2 A-11,Chromebook,2:30,150
PROFESOR,C03,E09,2024-10-18 10:09:00,2024-10-18 12:39:00,Módulo 2 A-11,Chromebook,2:30,150
MATEMATICAS APLICADAS Y COMPUTACION,C04,C06,2024-10-18 10:06:00,2024-10-18 12:36:00,Módulo 2 A-11,Chromebook,2:30,150
COMUNICACION,C04,C05,2024-10-18 09:56:00,2024-10-18 12:26:00,Módulo 2 A-11,Chromebook,2:30,150
PEDAGOGIA,C03,E08,2024-10-18 09:49:00,2024-10-18 12:19:00,Módulo 2 A-11,Chromebook,2:30,150
PEDAGOGIA,C03,E07,2024-10-18 09:47:00,2024-10-18 12:17:00,Módulo 2 A-11,Chromebook,2:30,150
DERECHO,C02,T17,2024-10-18 09:36:00,2024-10-18 12:06:00,Módulo 2 A-11,iPad,2:30,150
ARQUITECTURA,C05,L02,2024-10-18 09:16:00,2024-10-18 11:46:00,Módulo 2 A-11,Laptop,2:30,150
COMUNICACION,C04,C04,2024-10-18 09:03:00,2024-10-18 11:33:00,Módulo 2 A-11,Chromebook,2:30,150
COMUNICACION,C04,C03,2024-10-18 08:59:00,2024-10-18 11:29:00,Módulo 2 A-11,Chromebook,2:30,150
CIENCIAS POLITICAS Y ADMINISTRACION PUBLICA,C03,E06,2024-10-18 08:43:00,2024-10-18 11:13:00,Módulo 2 A-11,Chromebook,2:30,150
PEDAGOGIA,C03,E05,2024-10-18 08:40:00,2024-10-18 11:10:00,Módulo 2 A-11,Chromebook,2:30,150
HISTORIA,C02,T16,2024-10-18 08:32:00,2024-10-18 11:02:00,Módulo 2 A-11,iPad,2:30,150
INGENIERIA CIVIL,C02,T15,2024-10-18 08:27:00,2024-10-18 10:57:00,Módulo 2 A-11,iPad,2:30,150
ARQUITECTURA,C02,T12,2024-10-18 08:28:00,2024-10-18 10:58:00,Módulo 2 A-11,iPad,2:30,150
INGENIERIA CIVIL,C02,T11,2024-10-18 08:25:00,2024-10-18 10:55:00,Módulo 2 A-11,iPad,2:30,150
INGENIERIA CIVIL,C02,T10,2024-10-18 08:24:00,2024-10-18 10:54:00,Módulo 2 A-11,iPad,2:30,150
INGENIERIA CIVIL,C02,T09,2024-10-18 08:19:00,2024-10-18 10:49:00,Módulo 2 A-11,iPad,2:30,150
INGENIERIA CIVIL,C02,T08,2024-10-18 08:16:00,2024-10-18 10:46:00,Módulo 2 A-11,iPad,2:30,150
COMUNICACION,C02,T07,2024-10-18 08:11:00,2024-10-18 10:41:00,Módulo 2 A-11,iPad,2:30,150
ENSEÃ‘ANZA DE ESPAÃ‘OL COMO LENGUA EXTRANJERA,C03,E04,2024-10-18 08:11:00,2024-10-18 10:41:00,Módulo 2 A-11,Chromebook,2:30,150
PROFESOR,C03,E03,2024-10-18 08:12:00,2024-10-18 10:42:00,Módulo 2 A-11,Chromebook,2:30,150
ENSEÃ‘ANZA DE INGLES,C04,C01,2024-10-18 08:06:00,2024-10-18 10:36:00,Módulo 2 A-11,Chromebook,2:30,150
DISEÃ‘O GRAFICO,C05,L01,2024-10-18 08:03:00,2024-10-18 10:33:00,Módulo 2 A-11,Laptop,2:30,150
INGENIERIA CIVIL,C02,T06,2024-10-18 08:03:00,2024-10-18 10:33:00,Módulo 2 A-11,iPad,2:30,150
PEDAGOGIA,C03,E02,2024-10-18 08:02:00,2024-10-18 10:32:00,Módulo 2 A-11,Chromebook,2:30,150
INGENIERIA CIVIL,C02,T05,2024-10-18 08:02:00,2024-10-18 10:32:00,Módulo 2 A-11,iPad,2:30,150
INGENIERIA CIVIL,C02,T04,2024-10-18 08:00:00,2024-10-18 10:30:00,Módulo 2 A-11,iPad,2:30,150
INGENIERIA CIVIL,C02,T03,2024-10-18 08:00:00,2024-10-18 10:30:00,Módulo 2 A-11,iPad,2:30,150
INGENIERIA CIVIL,C02,T02,2024-10-18 08:00:00,2024-10-18 10:30:00,Módulo 2 A-11,iPad,2:30,150
DERECHO,C03,E01,2024-10-18 08:00:00,2024-10-18 10:30:00,Módulo 2 A-11,Chromebook,2:30,150
INGENIERIA CIVIL,C02,T01,2024-10-18 07:59:00,2024-10-18 10:29:00,Módulo 2 A-11,iPad,2:30,150
DERECHO,C04,C25,2024-10-17 17:14:00,2024-10-17 18:45:00,Módulo 2 A-11,Chromebook,1:31,91
DERECHO,C04,C24,2024-10-17 17:11:00,2024-10-17 18:45:00,Módulo 2 A-11,Chromebook,1:34,94
DERECHO,C04,C23,2024-10-17 17:08:00,2024-10-17 18:45:00,Módulo 2 A-11,Chromebook,1:37,97
HISTORIA,C04,C22,2024-10-17 16:58:00,2024-10-17 18:45:00,Módulo 2 A-11,Chromebook,1:47,107
DERECHO,C04,C21,2024-10-17 16:58:00,2024-10-17 18:45:00,Módulo 2 A-11,Chromebook,1:47,107
ENSEÃ‘ANZA DE INGLES,C04,C20,2024-10-17 16:56:00,2024-10-17 18:45:00,Módulo 2 A-11,Chromebook,1:49,109
ENSEÃ‘ANZA DE INGLES,C04,C19,2024-10-17 16:53:00,2024-10-17 18:45:00,Módulo 2 A-11,Chromebook,1:52,112
DERECHO,C04,C18,2024-10-17 16:49:00,2024-10-17 18:45:00,Módulo 2 A-11,Chromebook,1:56,116
CIENCIAS POLITICAS Y ADMINISTRACION PUBLICA,C04,C17,2024-10-17 16:49:00,2024-10-17 18:45:00,Módulo 2 A-11,Chromebook,1:56,116
PEDAGOGIA,C04,C16,2024-10-17 16:47:00,2024-10-17 18:45:00,Módulo 2 A-11,Chromebook,1:58,118
ENSEÃ‘ANZA DE INGLES,C04,C15,2024-10-17 16:43:00,2024-10-17 18:45:00,Módulo 2 A-11,Chromebook,2:02,122
DERECHO,C04,C14,2024-10-17 16:40:00,2024-10-17 18:45:00,Módulo 2 A-11,Chromebook,2:05,125
ENSEÃ‘ANZA DE INGLES,C04,C13,2024-10-17 16:36:00,2024-10-17 18:45:00,Módulo 2 A-11,Chromebook,2:09,129
DERECHO,C04,C12,2024-10-17 16:29:00,2024-10-17 18:45:00,Módulo 2 A-11,Chromebook,2:16,136
ENSEÃ‘ANZA DE INGLES,C04,C10,2024-10-17 16:28:00,2024-10-17 18:45:00,Módulo 2 A-11,Chromebook,2:17,137
DERECHO (SUA),C04,C08,2024-10-17 16:19:00,2024-10-17 18:45:00,Módulo 2 A-11,Chromebook,2:26,146
PEDAGOGIA,C04,C07,2024-10-17 16:20:00,2024-10-17 18:45:00,Módulo 2 A-11,Chromebook,2:25,145
DERECHO,C04,C06,2024-10-17 16:22:00,2024-10-17 18:45:00,Módulo 2 A-11,Chromebook,2:23,143
COMUNICACION,C04,C05,2024-10-17 16:11:00,2024-10-17 18:41:00,Módulo 2 A-11,Chromebook,2:30,150
RELACIONES INTERNACIONALES,C02,T29,2024-10-17 16:10:00,2024-10-17 18:40:00,Módulo 2 A-11,iPad,2:30,150
COMUNICACION,C05,L04,2024-10-17 16:12:00,2024-10-17 18:42:00,Módulo 2 A-11,Laptop,2:30,150
ECONOMIA,C04,C04,2024-10-17 16:05:00,2024-10-17 18:35:00,Módulo 2 A-11,Chromebook,2:30,150
COMUNICACION,C04,C03,2024-10-17 15:57:00,2024-10-17 18:27:00,Módulo 2 A-11,Chromebook,2:30,150
PEDAGOGIA,C04,C01,2024-10-17 15:55:00,2024-10-17 18:25:00,Módulo 2 A-11,Chromebook,2:30,150
PEDAGOGIA,C07,E01,2024-10-17 15:55:00,2024-10-17 18:25:00,Módulo 2 A-11,Chromebook,2:30,150
PEDAGOGIA,C06,E29,2024-10-17 15:53:00,2024-10-17 18:23:00,Módulo 2 A-11,Chromebook,2:30,150
PEDAGOGIA,C06,E28,2024-10-17 15:52:00,2024-10-17 18:22:00,Módulo 2 A-11,Chromebook,2:30,150
COMUNICACION,C06,E27,2024-10-17 15:51:00,2024-10-17 18:21:00,Módulo 2 A-11,Chromebook,2:30,150
PEDAGOGIA,C06,E26,2024-10-17 15:52:00,2024-10-17 18:22:00,Módulo 2 A-11,Chromebook,2:30,150
ENSEÃ‘ANZA DE INGLES,C06,E25,2024-10-17 15:49:00,2024-10-17 18:19:00,Módulo 2 A-11,Chromebook,2:30,150
PEDAGOGIA,C06,E24,2024-10-17 15:51:00,2024-10-17 18:21:00,Módulo 2 A-11,Chromebook,2:30,150
DERECHO,C06,E23,2024-10-17 15:42:00,2024-10-17 18:12:00,Módulo 2 A-11,Chromebook,2:30,150
DERECHO,C06,E22,2024-10-17 15:21:00,2024-10-17 17:51:00,Módulo 2 A-11,Chromebook,2:30,150
DERECHO,C06,E21,2024-10-17 15:18:00,2024-10-17 17:48:00,Módulo 2 A-11,Chromebook,2:30,150
PEDAGOGIA,C06,E20,2024-10-17 15:07:00,2024-10-17 17:37:00,Módulo 2 A-11,Chromebook,2:30,150
DERECHO,C06,E19,2024-10-17 15:00:00,2024-10-17 17:30:00,Módulo 2 A-11,Chromebook,2:30,150
DERECHO,C06,E18,2024-10-17 14:59:00,2024-10-17 17:29:00,Módulo 2 A-11,Chromebook,2:30,150
DERECHO,C06,E17,2024-10-17 14:59:00,2024-10-17 17:29:00,Módulo 2 A-11,Chromebook,2:30,150
DERECHO,C06,E16,2024-10-17 14:58:00,2024-10-17 17:28:00,Módulo 2 A-11,Chromebook,2:30,150
ECONOMIA,C06,E15,2024-10-17 14:58:00,2024-10-17 17:28:00,Módulo 2 A-11,Chromebook,2:30,150
DERECHO,C06,E14,2024-10-17 14:54:00,2024-10-17 17:24:00,Módulo 2 A-11,Chromebook,2:30,150
ENSEÃ‘ANZA DE INGLES,C06,E13,2024-10-17 14:52:00,2024-10-17 17:22:00,Módulo 2 A-11,Chromebook,2:30,150
ENSEÃ‘ANZA DE INGLES,C06,E12,2024-10-17 14:51:00,2024-10-17 17:21:00,Módulo 2 A-11,Chromebook,2:30,150
DERECHO,C06,E11,2024-10-17 14:44:00,2024-10-17 17:14:00,Módulo 2 A-11,Chromebook,2:30,150
RELACIONES INTERNACIONALES,C06,E09,2024-10-17 14:31:00,2024-10-17 17:01:00,Módulo 2 A-11,Chromebook,2:30,150
COMUNICACION,C05,L03,2024-10-17 14:30:00,2024-10-17 17:00:00,Módulo 2 A-11,Laptop,2:30,150
ENSEÃ‘ANZA DE INGLES,C06,E06,2024-10-17 14:26:00,2024-10-17 16:56:00,Módulo 2 A-11,Chromebook,2:30,150
ENSEÃ‘ANZA DE INGLES,C06,E08,2024-10-17 14:17:00,2024-10-17 16:47:00,Módulo 2 A-11,Chromebook,2:30,150
COMUNICACION,C06,E07,2024-10-17 14:18:00,2024-10-17 16:48:00,Módulo 2 A-11,Chromebook,2:30,150
ECONOMIA,C06,E05,2024-10-17 14:07:00,2024-10-17 16:37:00,Módulo 2 A-11,Chromebook,2:30,150
ENSEÃ‘ANZA DE INGLES,C06,E04,2024-10-17 14:06:00,2024-10-17 16:36:00,Módulo 2 A-11,Chromebook,2:30,150
COMUNICACION,C06,E03,2024-10-17 14:06:00,2024-10-17 16:36:00,Módulo 2 A-11,Chromebook,2:30,150
ENSEÃ‘ANZA DE INGLES,C03,E30,2024-10-17 14:02:00,2024-10-17 16:32:00,Módulo 2 A-11,Chromebook,2:30,150
COMUNICACION,C05,L02,2024-10-17 13:53:00,2024-10-17 16:23:00,Módulo 2 A-11,Laptop,2:30,150
COMUNICACION,C05,L01,2024-10-17 13:49:00,2024-10-17 16:19:00,Módulo 2 A-11,Laptop,2:30,150
DERECHO,C03,E29,2024-10-17 13:44:00,2024-10-17 16:14:00,Módulo 2 A-11,Chromebook,2:30,150
PEDAGOGIA,C06,E02,2024-10-17 13:40:00,2024-10-17 16:10:00,Módulo 2 A-11,Chromebook,2:30,150
ENSEÃ‘ANZA DE INGLES,C04,C30,2024-10-17 13:35:00,2024-10-17 16:05:00,Módulo 2 A-11,Chromebook,2:30,150
ENSEÃ‘ANZA DE INGLES,C04,C29,2024-10-17 13:23:00,2024-10-17 15:53:00,Módulo 2 A-11,Chromebook,2:30,150
PEDAGOGIA,C04,C28,2024-10-17 12:49:00,2024-10-17 15:19:00,Módulo 2 A-11,Chromebook,2:30,150
SOCIOLOGIA,C04,C27,2024-10-17 12:45:00,2024-10-17 15:15:00,Módulo 2 A-11,Chromebook,2:30,150
DERECHO,C03,E27,2024-10-17 12:45:00,2024-10-17 15:15:00,Módulo 2 A-11,Chromebook,2:30,150
ENSEÃ‘ANZA DE INGLES,C04,C25,2024-10-17 12:37:00,2024-10-17 15:07:00,Módulo 2 A-11,Chromebook,2:30,150
PEDAGOGIA,C03,E26,2024-10-17 12:16:00,2024-10-17 14:46:00,Módulo 2 A-11,Chromebook,2:30,150
DERECHO,C04,C24,2024-10-17 12:07:00,2024-10-17 14:37:00,Módulo 2 A-11,Chromebook,2:30,150
RELACIONES INTERNACIONALES,C04,C23,2024-10-17 12:00:00,2024-10-17 14:30:00,Módulo 2 A-11,Chromebook,2:30,150
ARQUITECTURA,C05,L17,2024-10-17 11:51:00,2024-10-17 14:21:00,Módulo 2 A-11,Laptop,2:30,150
ENSEÃ‘ANZA DE INGLES,C03,E25,2024-10-17 11:51:00,2024-10-17 14:21:00,Módulo 2 A-11,Chromebook,2:30,150
DERECHO,C04,C22,2024-10-17 11:42:00,2024-10-17 14:12:00,Módulo 2 A-11,Chromebook,2:30,150
DERECHO,C04,C21,2024-10-17 11:42:00,2024-10-17 14:12:00,Módulo 2 A-11,Chromebook,2:30,150
PEDAGOGIA,C04,C20,2024-10-17 11:41:00,2024-10-17 14:11:00,Módulo 2 A-11,Chromebook,2:30,150
COMUNICACION,C05,L15,2024-10-17 11:29:00,2024-10-17 13:59:00,Módulo 2 A-11,Laptop,2:30,150
COMUNICACION,C05,L14,2024-10-17 11:27:00,2024-10-17 13:57:00,Módulo 2 A-11,Laptop,2:30,150
COMUNICACION,C03,E24,2024-10-17 11:27:00,2024-10-17 13:57:00,Módulo 2 A-11,Chromebook,2:30,150
FILOSOFIA,C02,T28,2024-10-17 11:25:00,2024-10-17 13:55:00,Módulo 2 A-11,iPad,2:30,150
PROFESOR,C03,E23,2024-10-17 11:16:00,2024-10-17 13:46:00,Módulo 2 A-11,Chromebook,2:30,150
FILOSOFIA,C02,T27,2024-10-17 11:12:00,2024-10-17 13:42:00,Módulo 2 A-11,iPad,2:30,150
FILOSOFIA,C04,C19,2024-10-17 11:08:00,2024-10-17 13:38:00,Módulo 2 A-11,Chromebook,2:30,150
FILOSOFIA,C02,T26,2024-10-17 11:07:00,2024-10-17 13:37:00,Módulo 2 A-11,iPad,2:30,150
PEDAGOGIA,C04,C18,2024-10-17 11:06:00,2024-10-17 13:36:00,Módulo 2 A-11,Chromebook,2:30,150
FILOSOFIA,C02,T25,2024-10-17 11:05:00,2024-10-17 13:35:00,Módulo 2 A-11,iPad,2:30,150
PEDAGOGIA,C04,C17,2024-10-17 11:05:00,2024-10-17 13:35:00,Módulo 2 A-11,Chromebook,2:30,150
FILOSOFIA,C02,T24,2024-10-17 11:04:00,2024-10-17 13:34:00,Módulo 2 A-11,iPad,2:30,150
FILOSOFIA,C02,T23,2024-10-17 11:03:00,2024-10-17 13:33:00,Módulo 2 A-11,iPad,2:30,150
FILOSOFIA,C02,T22,2024-10-17 11:01:00,2024-10-17 13:31:00,Módulo 2 A-11,iPad,2:30,150
FILOSOFIA,C02,T21,2024-10-17 11:00:00,2024-10-17 13:30:00,Módulo 2 A-11,iPad,2:30,150
FILOSOFIA,C02,T20,2024-10-17 10:58:00,2024-10-17 13:28:00,Módulo 2 A-11,iPad,2:30,150
FILOSOFIA,C02,T19,2024-10-17 10:58:00,2024-10-17 13:28:00,Módulo 2 A-11,iPad,2:30,150
FILOSOFIA,C02,T18,2024-10-17 10:58:00,2024-10-17 13:28:00,Módulo 2 A-11,iPad,2:30,150
FILOSOFIA,C02,T17,2024-10-17 10:57:00,2024-10-17 13:27:00,Módulo 2 A-11,iPad,2:30,150
FILOSOFIA,C02,T16,2024-10-17 10:57:00,2024-10-17 13:27:00,Módulo 2 A-11,iPad,2:30,150
FILOSOFIA,C02,T15,2024-10-17 10:54:00,2024-10-17 13:24:00,Módulo 2 A-11,iPad,2:30,150
FILOSOFIA,C02,T12,2024-10-17 10:54:00,2024-10-17 13:24:00,Módulo 2 A-11,iPad,2:30,150
FILOSOFIA,C02,T11,2024-10-17 10:53:00,2024-10-17 13:23:00,Módulo 2 A-11,iPad,2:30,150
FILOSOFIA,C02,T10,2024-10-17 10:53:00,2024-10-17 13:23:00,Módulo 2 A-11,iPad,2:30,150
FILOSOFIA,C02,T09,2024-10-17 10:52:00,2024-10-17 13:22:00,Módulo 2 A-11,iPad,2:30,150
PROFESOR,C02,T08,2024-10-17 10:57:00,2024-10-17 13:27:00,Módulo 2 A-11,iPad,2:30,150
FILOSOFIA,C02,T07,2024-10-17 10:50:00,2024-10-17 13:20:00,Módulo 2 A-11,iPad,2:30,150
FILOSOFIA,C02,T06,2024-10-17 10:48:00,2024-10-17 13:18:00,Módulo 2 A-11,iPad,2:30,150
FILOSOFIA,C02,T05,2024-10-17 10:47:00,2024-10-17 13:17:00,Módulo 2 A-11,iPad,2:30,150
FILOSOFIA,C02,T04,2024-10-17 10:45:00,2024-10-17 13:15:00,Módulo 2 A-11,iPad,2:30,150
FILOSOFIA,C02,T03,2024-10-17 10:44:00,2024-10-17 13:14:00,Módulo 2 A-11,iPad,2:30,150
RELACIONES INTERNACIONALES,C03,E21,2024-10-17 10:44:00,2024-10-17 13:14:00,Módulo 2 A-11,Chromebook,2:30,150
SOCIOLOGIA,C04,C16,2024-10-17 10:38:00,2024-10-17 13:08:00,Módulo 2 A-11,Chromebook,2:30,150
PEDAGOGIA,C04,C15,2024-10-17 10:34:00,2024-10-17 13:04:00,Módulo 2 A-11,Chromebook,2:30,150
COMUNICACION,C03,E20,2024-10-17 10:32:00,2024-10-17 13:02:00,Módulo 2 A-11,Chromebook,2:30,150
SOCIOLOGIA,C03,E18,2024-10-17 10:26:00,2024-10-17 12:56:00,Módulo 2 A-11,Chromebook,2:30,150
COMUNICACION,C03,E17,2024-10-17 10:24:00,2024-10-17 12:54:00,Módulo 2 A-11,Chromebook,2:30,150
COMUNICACION,C03,E16,2024-10-17 10:23:00,2024-10-17 12:53:00,Módulo 2 A-11,Chromebook,2:30,150
PEDAGOGIA,C03,E15,2024-10-17 10:22:00,2024-10-17 12:52:00,Módulo 2 A-11,Chromebook,2:30,150
PROFESOR,C03,E14,2024-10-17 10:15:00,2024-10-17 12:45:00,Módulo 2 A-11,Chromebook,2:30,150
RELACIONES INTERNACIONALES,C04,C14,2024-10-17 10:14:00,2024-10-17 12:44:00,Módulo 2 A-11,Chromebook,2:30,150
RELACIONES INTERNACIONALES,C03,E13,2024-10-17 10:13:00,2024-10-17 12:43:00,Módulo 2 A-11,Chromebook,2:30,150
COMUNICACION,C05,L13,2024-10-17 10:07:00,2024-10-17 12:37:00,Módulo 2 A-11,Laptop,2:30,150
COMUNICACION,C05,L12,2024-10-17 10:02:00,2024-10-17 12:32:00,Módulo 2 A-11,Laptop,2:30,150
DERECHO,C03,E12,2024-10-17 10:02:00,2024-10-17 12:32:00,Módulo 2 A-11,Chromebook,2:30,150
COMUNICACION,C04,C13,2024-10-17 10:01:00,2024-10-17 12:31:00,Módulo 2 A-11,Chromebook,2:30,150
ENSEÃ‘ANZA DE INGLES,C03,E11,2024-10-17 09:56:00,2024-10-17 12:26:00,Módulo 2 A-11,Chromebook,2:30,150
RELACIONES INTERNACIONALES,C04,C12,2024-10-17 09:54:00,2024-10-17 12:24:00,Módulo 2 A-11,Chromebook,2:30,150
COMUNICACION,C05,L11,2024-10-17 09:47:00,2024-10-17 12:17:00,Módulo 2 A-11,Laptop,2:30,150
ARQUITECTURA,C05,L10,2024-10-17 09:44:00,2024-10-17 12:14:00,Módulo 2 A-11,Laptop,2:30,150
COMUNICACION,C04,C10,2024-10-17 09:40:00,2024-10-17 12:10:00,Módulo 2 A-11,Chromebook,2:30,150
ENSEÃ‘ANZA DE INGLES,C03,E10,2024-10-17 09:35:00,2024-10-17 12:05:00,Módulo 2 A-11,Chromebook,2:30,150
ARQUITECTURA,C05,L09,2024-10-17 09:37:00,2024-10-17 12:07:00,Módulo 2 A-11,Laptop,2:30,150
ENSEÃ‘ANZA DE INGLES,C04,C08,2024-10-17 09:34:00,2024-10-17 12:04:00,Módulo 2 A-11,Chromebook,2:30,150
ARQUITECTURA,C05,L08,2024-10-17 09:31:00,2024-10-17 12:01:00,Módulo 2 A-11,Laptop,2:30,150
ARQUITECTURA,C05,L07,2024-10-17 09:31:00,2024-10-17 12:01:00,Módulo 2 A-11,Laptop,2:30,150
ARQUITECTURA,C05,L06,2024-10-17 09:38:00,2024-10-17 12:08:00,Módulo 2 A-11,Laptop,2:30,150
COMUNICACION,C03,E09,2024-10-17 09:30:00,2024-10-17 12:00:00,Módulo 2 A-11,Chromebook,2:30,150
ARQUITECTURA,C05,L05,2024-10-17 09:27:00,2024-10-17 11:57:00,Módulo 2 A-11,Laptop,2:30,150
ARQUITECTURA,C05,L04,2024-10-17 09:27:00,2024-10-17 11:57:00,Módulo 2 A-11,Laptop,2:30,150
ARQUITECTURA,C05,L03,2024-10-17 09:27:00,2024-10-17 11:57:00,Módulo 2 A-11,Laptop,2:30,150
ARQUITECTURA,C05,L02,2024-10-17 09:27:00,2024-10-17 11:57:00,Módulo 2 A-11,Laptop,2:30,150
ARQUITECTURA,C05,L01,2024-10-17 09:26:00,2024-10-17 11:56:00,Módulo 2 A-11,Laptop,2:30,150
DERECHO,C04,C07,2024-10-17 09:18:00,2024-10-17 11:48:00,Módulo 2 A-11,Chromebook,2:30,150
LENGUA Y LITERATURAS HISPANICAS,C04,C06,2024-10-17 09:02:00,2024-10-17 11:32:00,Módulo 2 A-11,Chromebook,2:30,150
PROFESOR,C03,E08,2024-10-17 08:47:00,2024-10-17 11:17:00,Módulo 2 A-11,Chromebook,2:30,150
MATEMATICAS APLICADAS Y COMPUTACION,C03,E07,2024-10-17 08:40:00,2024-10-17 11:10:00,Módulo 2 A-11,Chromebook,2:30,150
COMUNICACION,C02,T02,2024-10-17 08:40:00,2024-10-17 11:10:00,Módulo 2 A-11,iPad,2:30,150
COMUNICACION,C02,T01,2024-10-17 08:22:00,2024-10-17 10:52:00,Módulo 2 A-11,iPad,2:30,150
PROFESOR,C03,E06,2024-10-17 08:24:00,2024-10-17 10:54:00,Módulo 2 A-11,Chromebook,2:30,150
RELACIONES INTERNACIONALES,C03,E05,2024-10-17 08:21:00,2024-10-17 10:51:00,Módulo 2 A-11,Chromebook,2:30,150
ECONOMIA,C04,C05,2024-10-17 08:19:00,2024-10-17 10:49:00,Módulo 2 A-11,Chromebook,2:30,150
DERECHO,C04,C04,2024-10-17 08:15:00,2024-10-17 10:45:00,Módulo 2 A-11,Chromebook,2:30,150
DERECHO,C03,E04,2024-10-17 08:09:00,2024-10-17 10:39:00,Módulo 2 A-11,Chromebook,2:30,150
ECONOMIA,C04,C03,2024-10-17 08:07:00,2024-10-17 10:37:00,Módulo 2 A-11,Chromebook,2:30,150
ECONOMIA,C03,E03,2024-10-17 08:05:00,2024-10-17 10:35:00,Módulo 2 A-11,Chromebook,2:30,150
DERECHO,C03,E02,2024-10-17 08:04:00,2024-10-17 10:34:00,Módulo 2 A-11,Chromebook,2:30,150
ECONOMIA,C03,E01,2024-10-17 08:03:00,2024-10-17 10:33:00,Módulo 2 A-11,Chromebook,2:30,150
RELACIONES INTERNACIONALES,C04,C01,2024-10-17 08:01:00,2024-10-17 10:31:00,Módulo 2 A-11,Chromebook,2:30,150
DERECHO,C06,E04,2024-10-16 17:24:00,2024-10-16 18:45:00,Módulo 2 A-11,Chromebook,1:21,81
ECONOMIA,C06,E03,2024-10-16 17:22:00,2024-10-16 18:45:00,Módulo 2 A-11,Chromebook,1:23,83
DERECHO,C06,E02,2024-10-16 17:17:00,2024-10-16 18:45:00,Módulo 2 A-11,Chromebook,1:28,88
FILOSOFIA,C04,C30,2024-10-16 17:12:00,2024-10-16 18:45:00,Módulo 2 A-11,Chromebook,1:33,93
DERECHO,C04,C29,2024-10-16 17:08:00,2024-10-16 18:45:00,Módulo 2 A-11,Chromebook,1:37,97
PEDAGOGIA,C04,C28,2024-10-16 17:06:00,2024-10-16 18:45:00,Módulo 2 A-11,Chromebook,1:39,99
DERECHO,C04,C27,2024-10-16 16:56:00,2024-10-16 18:45:00,Módulo 2 A-11,Chromebook,1:49,109
ARQUITECTURA,C05,L07,2024-10-16 16:58:00,2024-10-16 18:45:00,Módulo 2 A-11,Laptop,1:47,107
DERECHO,C04,C25,2024-10-16 16:48:00,2024-10-16 18:45:00,Módulo 2 A-11,Chromebook,1:57,117
ARQUITECTURA,C05,L05,2024-10-16 16:30:00,2024-10-16 18:45:00,Módulo 2 A-11,Laptop,2:15,135
ARQUITECTURA,C05,L03,2024-10-16 16:30:00,2024-10-16 18:45:00,Módulo 2 A-11,Laptop,2:15,135
COMUNICACION,C04,C24,2024-10-16 16:27:00,2024-10-16 18:45:00,Módulo 2 A-11,Chromebook,2:18,138
PEDAGOGIA,C04,C23,2024-10-16 16:19:00,2024-10-16 18:45:00,Módulo 2 A-11,Chromebook,2:26,146
ARQUITECTURA,C05,L01,2024-10-16 16:23:00,2024-10-16 18:45:00,Módulo 2 A-11,Laptop,2:22,142
ARQUITECTURA,C05,L17,2024-10-16 16:23:00,2024-10-16 18:45:00,Módulo 2 A-11,Laptop,2:22,142
COMUNICACION,C05,L15,2024-10-16 16:20:00,2024-10-16 18:45:00,Módulo 2 A-11,Laptop,2:25,145
COMUNICACION,C05,L13,2024-10-16 16:17:00,2024-10-16 18:45:00,Módulo 2 A-11,Laptop,2:28,148
DISEÃ‘O GRAFICO,C05,L12,2024-10-16 16:13:00,2024-10-16 18:43:00,Módulo 2 A-11,Laptop,2:30,150
ARQUITECTURA,C05,L11,2024-10-16 16:16:00,2024-10-16 18:45:00,Módulo 2 A-11,Laptop,2:29,149
INGENIERIA CIVIL,C05,L10,2024-10-16 16:11:00,2024-10-16 18:41:00,Módulo 2 A-11,Laptop,2:30,150
COMUNICACION,C05,L09,2024-10-16 16:08:00,2024-10-16 18:38:00,Módulo 2 A-11,Laptop,2:30,150
COMUNICACION,C04,C21,2024-10-16 16:00:00,2024-10-16 18:30:00,Módulo 2 A-11,Chromebook,2:30,150
COMUNICACION,C04,C20,2024-10-16 16:00:00,2024-10-16 18:30:00,Módulo 2 A-11,Chromebook,2:30,150
PEDAGOGIA,C04,C19,2024-10-16 15:46:00,2024-10-16 18:16:00,Módulo 2 A-11,Chromebook,2:30,150
FILOSOFIA,C04,C18,2024-10-16 15:43:00,2024-10-16 18:13:00,Módulo 2 A-11,Chromebook,2:30,150
PEDAGOGIA,C04,C17,2024-10-16 15:38:00,2024-10-16 18:08:00,Módulo 2 A-11,Chromebook,2:30,150
DERECHO,C04,C16,2024-10-16 15:10:00,2024-10-16 17:40:00,Módulo 2 A-11,Chromebook,2:30,150
DERECHO,C04,C15,2024-10-16 15:08:00,2024-10-16 17:38:00,Módulo 2 A-11,Chromebook,2:30,150
DERECHO,C02,T06,2024-10-16 15:07:00,2024-10-16 17:37:00,Módulo 2 A-11,iPad,2:30,150
DERECHO,C04,C14,2024-10-16 15:04:00,2024-10-16 17:34:00,Módulo 2 A-11,Chromebook,2:30,150
PROFESOR,C04,C13,2024-10-16 15:04:00,2024-10-16 17:34:00,Módulo 2 A-11,Chromebook,2:30,150
INGENIERIA CIVIL,C05,L06,2024-10-16 14:57:00,2024-10-16 17:27:00,Módulo 2 A-11,Laptop,2:30,150
RELACIONES INTERNACIONALES,C04,C12,2024-10-16 14:54:00,2024-10-16 17:24:00,Módulo 2 A-11,Chromebook,2:30,150
PEDAGOGIA,C04,C10,2024-10-16 14:54:00,2024-10-16 17:24:00,Módulo 2 A-11,Chromebook,2:30,150
COMUNICACION,C05,L05,2024-10-16 14:55:00,2024-10-16 17:25:00,Módulo 2 A-11,Laptop,2:30,150
INGENIERIA CIVIL,C05,L04,2024-10-16 14:45:00,2024-10-16 17:15:00,Módulo 2 A-11,Laptop,2:30,150
LENGUA Y LITERATURAS HISPANICAS,C04,C08,2024-10-16 14:43:00,2024-10-16 17:13:00,Módulo 2 A-11,Chromebook,2:30,150
COMUNICACION,C04,C07,2024-10-16 14:42:00,2024-10-16 17:12:00,Módulo 2 A-11,Chromebook,2:30,150
PEDAGOGIA,C04,C06,2024-10-16 14:33:00,2024-10-16 17:03:00,Módulo 2 A-11,Chromebook,2:30,150
COMUNICACION,C04,C05,2024-10-16 14:35:00,2024-10-16 17:05:00,Módulo 2 A-11,Chromebook,2:30,150
ENSEÃ‘ANZA DE INGLES,C04,C04,2024-10-16 14:24:00,2024-10-16 16:54:00,Módulo 2 A-11,Chromebook,2:30,150
DERECHO,C04,C03,2024-10-16 14:18:00,2024-10-16 16:48:00,Módulo 2 A-11,Chromebook,2:30,150
COMUNICACION,C04,C01,2024-10-16 14:18:00,2024-10-16 16:48:00,Módulo 2 A-11,Chromebook,2:30,150
INGENIERIA CIVIL,C05,L02,2024-10-16 14:10:00,2024-10-16 16:40:00,Módulo 2 A-11,Laptop,2:30,150
INGENIERIA CIVIL,C07,E01,2024-10-16 14:09:00,2024-10-16 16:39:00,Módulo 2 A-11,Chromebook,2:30,150
DERECHO,C06,E30,2024-10-16 14:07:00,2024-10-16 16:37:00,Módulo 2 A-11,Chromebook,2:30,150
COMUNICACION,C05,L01,2024-10-16 14:02:00,2024-10-16 16:32:00,Módulo 2 A-11,Laptop,2:30,150
INGENIERIA CIVIL,C05,L08,2024-10-16 14:01:00,2024-10-16 16:31:00,Módulo 2 A-11,Laptop,2:30,150
INGENIERIA CIVIL,C05,L07,2024-10-16 14:00:00,2024-10-16 16:30:00,Módulo 2 A-11,Laptop,2:30,150
COMUNICACION,C06,E29,2024-10-16 13:59:00,2024-10-16 16:29:00,Módulo 2 A-11,Chromebook,2:30,150
DERECHO,C06,E28,2024-10-16 13:55:00,2024-10-16 16:25:00,Módulo 2 A-11,Chromebook,2:30,150
PEDAGOGIA,C02,T04,2024-10-16 13:35:00,2024-10-16 16:05:00,Módulo 2 A-11,iPad,2:30,150
FILOSOFIA,C06,E27,2024-10-16 13:30:00,2024-10-16 16:00:00,Módulo 2 A-11,Chromebook,2:30,150
PEDAGOGIA,C06,E26,2024-10-16 13:30:00,2024-10-16 16:00:00,Módulo 2 A-11,Chromebook,2:30,150
ECONOMIA,C06,E25,2024-10-16 13:24:00,2024-10-16 15:54:00,Módulo 2 A-11,Chromebook,2:30,150
PEDAGOGIA,C06,E24,2024-10-16 13:20:00,2024-10-16 15:50:00,Módulo 2 A-11,Chromebook,2:30,150
ECONOMIA,C06,E23,2024-10-16 13:17:00,2024-10-16 15:47:00,Módulo 2 A-11,Chromebook,2:30,150
LENGUA Y LITERATURAS HISPANICAS,C06,E22,2024-10-16 13:14:00,2024-10-16 15:44:00,Módulo 2 A-11,Chromebook,2:30,150
PEDAGOGIA,C06,E21,2024-10-16 12:49:00,2024-10-16 15:19:00,Módulo 2 A-11,Chromebook,2:30,150
LENGUA Y LITERATURAS HISPANICAS,C06,E20,2024-10-16 12:49:00,2024-10-16 15:19:00,Módulo 2 A-11,Chromebook,2:30,150
PROFESOR,C06,E19,2024-10-16 12:46:00,2024-10-16 15:16:00,Módulo 2 A-11,Chromebook,2:30,150
DISEÃ‘O GRAFICO,C05,L03,2024-10-16 12:34:00,2024-10-16 15:04:00,Módulo 2 A-11,Laptop,2:30,150
PEDAGOGIA,C02,T05,2024-10-16 12:31:00,2024-10-16 15:01:00,Módulo 2 A-11,iPad,2:30,150
COMUNICACION,C06,E18,2024-10-16 12:30:00,2024-10-16 15:00:00,Módulo 2 A-11,Chromebook,2:30,150
PEDAGOGIA,C06,E17,2024-10-16 12:27:00,2024-10-16 14:57:00,Módulo 2 A-11,Chromebook,2:30,150
RELACIONES INTERNACIONALES,C06,E16,2024-10-16 12:26:00,2024-10-16 14:56:00,Módulo 2 A-11,Chromebook,2:30,150
PEDAGOGIA,C06,E15,2024-10-16 12:28:00,2024-10-16 14:58:00,Módulo 2 A-11,Chromebook,2:30,150
ENSEÃ‘ANZA DE INGLES,C06,E14,2024-10-16 12:22:00,2024-10-16 14:52:00,Módulo 2 A-11,Chromebook,2:30,150
ENSEÃ‘ANZA DE INGLES,C06,E13,2024-10-16 12:22:00,2024-10-16 14:52:00,Módulo 2 A-11,Chromebook,2:30,150
SOCIOLOGIA,C06,E12,2024-10-16 12:11:00,2024-10-16 14:41:00,Módulo 2 A-11,Chromebook,2:30,150
SOCIOLOGIA,C06,E11,2024-10-16 12:11:00,2024-10-16 14:41:00,Módulo 2 A-11,Chromebook,2:30,150
PEDAGOGIA,C06,E09,2024-10-16 12:05:00,2024-10-16 14:35:00,Módulo 2 A-11,Chromebook,2:30,150
DERECHO,C02,T03,2024-10-16 11:57:00,2024-10-16 14:27:00,Módulo 2 A-11,iPad,2:30,150
COMUNICACION,C06,E08,2024-10-16 11:49:00,2024-10-16 14:19:00,Módulo 2 A-11,Chromebook,2:30,150
COMUNICACION,C06,E07,2024-10-16 11:41:00,2024-10-16 14:11:00,Módulo 2 A-11,Chromebook,2:30,150
DISEÃ‘O GRAFICO,C05,L01,2024-10-16 11:39:00,2024-10-16 14:09:00,Módulo 2 A-11,Laptop,2:30,150
ARQUITECTURA,C05,L17,2024-10-16 11:36:00,2024-10-16 14:06:00,Módulo 2 A-11,Laptop,2:30,150
ARQUITECTURA,C05,L15,2024-10-16 11:32:00,2024-10-16 14:02:00,Módulo 2 A-11,Laptop,2:30,150
ENSEÃ‘ANZA DE INGLES,C06,E06,2024-10-16 11:21:00,2024-10-16 13:51:00,Módulo 2 A-11,Chromebook,2:30,150
ENSEÃ‘ANZA DE INGLES,C06,E05,2024-10-16 11:17:00,2024-10-16 13:47:00,Módulo 2 A-11,Chromebook,2:30,150
ENSEÃ‘ANZA DE INGLES,C06,E04,2024-10-16 11:18:00,2024-10-16 13:48:00,Módulo 2 A-11,Chromebook,2:30,150
ARQUITECTURA,C05,L14,2024-10-16 11:18:00,2024-10-16 13:48:00,Módulo 2 A-11,Laptop,2:30,150
DERECHO,C06,E03,2024-10-16 11:13:00,2024-10-16 13:43:00,Módulo 2 A-11,Chromebook,2:30,150
DERECHO,C06,E02,2024-10-16 11:12:00,2024-10-16 13:42:00,Módulo 2 A-11,Chromebook,2:30,150
LENGUA Y LITERATURAS HISPANICAS,C04,C30,2024-10-16 11:12:00,2024-10-16 13:42:00,Módulo 2 A-11,Chromebook,2:30,150
DISEÃ‘O GRAFICO,C04,C29,2024-10-16 11:02:00,2024-10-16 13:32:00,Módulo 2 A-11,Chromebook,2:30,150
CIENCIAS POLITICAS Y ADMINISTRACION PUBLICA,C02,T02,2024-10-16 10:57:00,2024-10-16 13:27:00,Módulo 2 A-11,iPad,2:30,150
PEDAGOGIA,C04,C28,2024-10-16 10:57:00,2024-10-16 13:27:00,Módulo 2 A-11,Chromebook,2:30,150
PEDAGOGIA,C03,E30,2024-10-16 10:55:00,2024-10-16 13:25:00,Módulo 2 A-11,Chromebook,2:30,150
PEDAGOGIA,C04,C27,2024-10-16 10:49:00,2024-10-16 13:19:00,Módulo 2 A-11,Chromebook,2:30,150
PEDAGOGIA,C04,C25,2024-10-16 10:48:00,2024-10-16 13:18:00,Módulo 2 A-11,Chromebook,2:30,150
ARQUITECTURA,C05,L13,2024-10-16 10:52:00,2024-10-16 13:22:00,Módulo 2 A-11,Laptop,2:30,150
ARQUITECTURA,C05,L12,2024-10-16 10:48:00,2024-10-16 13:18:00,Módulo 2 A-11,Laptop,2:30,150
PEDAGOGIA,C04,C24,2024-10-16 10:46:00,2024-10-16 13:16:00,Módulo 2 A-11,Chromebook,2:30,150
COMUNICACION,C04,C23,2024-10-16 10:45:00,2024-10-16 13:15:00,Módulo 2 A-11,Chromebook,2:30,150
COMUNICACION,C05,L11,2024-10-16 10:43:00,2024-10-16 13:13:00,Módulo 2 A-11,Laptop,2:30,150
PEDAGOGIA,C03,E29,2024-10-16 10:42:00,2024-10-16 13:12:00,Módulo 2 A-11,Chromebook,2:30,150
PEDAGOGIA,C03,E27,2024-10-16 10:44:00,2024-10-16 13:14:00,Módulo 2 A-11,Chromebook,2:30,150
MATEMATICAS APLICADAS Y COMPUTACION,C03,E26,2024-10-16 10:46:00,2024-10-16 13:16:00,Módulo 2 A-11,Chromebook,2:30,150
DERECHO,C02,T01,2024-10-16 10:39:00,2024-10-16 13:09:00,Módulo 2 A-11,iPad,2:30,150
DISEÃ‘O GRAFICO,C05,L10,2024-10-16 10:47:00,2024-10-16 13:17:00,Módulo 2 A-11,Laptop,2:30,150
INGENIERIA CIVIL,C05,L09,2024-10-16 10:38:00,2024-10-16 13:08:00,Módulo 2 A-11,Laptop,2:30,150
COMUNICACION,C04,C22,2024-10-16 10:34:00,2024-10-16 13:04:00,Módulo 2 A-11,Chromebook,2:30,150
DISEÃ‘O GRAFICO,C05,L08,2024-10-16 10:34:00,2024-10-16 13:04:00,Módulo 2 A-11,Laptop,2:30,150
COMUNICACION,C05,L07,2024-10-16 10:30:00,2024-10-16 13:00:00,Módulo 2 A-11,Laptop,2:30,150
DERECHO,C03,E25,2024-10-16 10:27:00,2024-10-16 12:57:00,Módulo 2 A-11,Chromebook,2:30,150
COMUNICACION,C04,C21,2024-10-16 10:22:00,2024-10-16 12:52:00,Módulo 2 A-11,Chromebook,2:30,150
DISEÃ‘O GRAFICO,C05,L06,2024-10-16 10:20:00,2024-10-16 12:50:00,Módulo 2 A-11,Laptop,2:30,150
COMUNICACION,C04,C20,2024-10-16 10:18:00,2024-10-16 12:48:00,Módulo 2 A-11,Chromebook,2:30,150
COMUNICACION,C04,C19,2024-10-16 10:16:00,2024-10-16 12:46:00,Módulo 2 A-11,Chromebook,2:30,150
COMUNICACION,C05,L05,2024-10-16 10:14:00,2024-10-16 12:44:00,Módulo 2 A-11,Laptop,2:30,150
ENSEÃ‘ANZA DE INGLES,C03,E24,2024-10-16 10:14:00,2024-10-16 12:44:00,Módulo 2 A-11,Chromebook,2:30,150
COMUNICACION,C03,E23,2024-10-16 10:13:00,2024-10-16 12:43:00,Módulo 2 A-11,Chromebook,2:30,150
COMUNICACION,C03,E21,2024-10-16 10:13:00,2024-10-16 12:43:00,Módulo 2 A-11,Chromebook,2:30,150
ENSEÃ‘ANZA DE INGLES,C04,C18,2024-10-16 10:15:00,2024-10-16 12:45:00,Módulo 2 A-11,Chromebook,2:30,150
INGENIERIA CIVIL,C05,L04,2024-10-16 10:14:00,2024-10-16 12:44:00,Módulo 2 A-11,Laptop,2:30,150
PEDAGOGIA,C03,E20,2024-10-16 10:09:00,2024-10-16 12:39:00,Módulo 2 A-11,Chromebook,2:30,150
PEDAGOGIA,C04,C17,2024-10-16 10:05:00,2024-10-16 12:35:00,Módulo 2 A-11,Chromebook,2:30,150
DERECHO,C03,E18,2024-10-16 10:03:00,2024-10-16 12:33:00,Módulo 2 A-11,Chromebook,2:30,150
ECONOMIA,C03,E17,2024-10-16 10:02:00,2024-10-16 12:32:00,Módulo 2 A-11,Chromebook,2:30,150
COMUNICACION,C03,E16,2024-10-16 10:02:00,2024-10-16 12:32:00,Módulo 2 A-11,Chromebook,2:30,150
DERECHO,C03,E15,2024-10-16 09:57:00,2024-10-16 12:27:00,Módulo 2 A-11,Chromebook,2:30,150
INGENIERIA CIVIL,C05,L03,2024-10-16 09:51:00,2024-10-16 12:21:00,Módulo 2 A-11,Laptop,2:30,150
COMUNICACION,C05,L02,2024-10-16 09:47:00,2024-10-16 12:17:00,Módulo 2 A-11,Laptop,2:30,150
ENSEÃ‘ANZA DE INGLES,C03,E14,2024-10-16 09:45:00,2024-10-16 12:15:00,Módulo 2 A-11,Chromebook,2:30,150
PROFESOR,C03,E13,2024-10-16 09:44:00,2024-10-16 12:14:00,Módulo 2 A-11,Chromebook,2:30,150
ENSEÃ‘ANZA DE INGLES,C03,E12,2024-10-16 09:42:00,2024-10-16 12:12:00,Módulo 2 A-11,Chromebook,2:30,150
DERECHO,C03,E11,2024-10-16 09:44:00,2024-10-16 12:14:00,Módulo 2 A-11,Chromebook,2:30,150
PEDAGOGIA,C04,C16,2024-10-16 09:40:00,2024-10-16 12:10:00,Módulo 2 A-11,Chromebook,2:30,150
DISEÃ‘O GRAFICO,C05,L01,2024-10-16 09:33:00,2024-10-16 12:03:00,Módulo 2 A-11,Laptop,2:30,150
LENGUA Y LITERATURAS HISPANICAS,C03,E10,2024-10-16 09:31:00,2024-10-16 12:01:00,Módulo 2 A-11,Chromebook,2:30,150
PEDAGOGIA,C03,E09,2024-10-16 09:18:00,2024-10-16 11:48:00,Módulo 2 A-11,Chromebook,2:30,150
PEDAGOGIA,C03,E08,2024-10-16 09:11:00,2024-10-16 11:41:00,Módulo 2 A-11,Chromebook,2:30,150
PEDAGOGIA,C03,E07,2024-10-16 09:11:00,2024-10-16 11:41:00,Módulo 2 A-11,Chromebook,2:30,150
PROFESOR,C03,E06,2024-10-16 09:01:00,2024-10-16 11:31:00,Módulo 2 A-11,Chromebook,2:30,150
COMUNICACION,C04,C15,2024-10-16 09:00:00,2024-10-16 11:30:00,Módulo 2 A-11,Chromebook,2:30,150
COMUNICACION,C04,C14,2024-10-16 08:56:00,2024-10-16 11:26:00,Módulo 2 A-11,Chromebook,2:30,150
COMUNICACION,C04,C13,2024-10-16 08:55:00,2024-10-16 11:25:00,Módulo 2 A-11,Chromebook,2:30,150
PEDAGOGIA,C03,E05,2024-10-16 08:53:00,2024-10-16 11:23:00,Módulo 2 A-11,Chromebook,2:30,150
ECONOMIA,C04,C12,2024-10-16 08:49:00,2024-10-16 11:19:00,Módulo 2 A-11,Chromebook,2:30,150
PEDAGOGIA,C04,C10,2024-10-16 08:47:00,2024-10-16 11:17:00,Módulo 2 A-11,Chromebook,2:30,150
COMUNICACION,C04,C08,2024-10-16 08:45:00,2024-10-16 11:15:00,Módulo 2 A-11,Chromebook,2:30,150
PEDAGOGIA,C03,E04,2024-10-16 08:41:00,2024-10-16 11:11:00,Módulo 2 A-11,Chromebook,2:30,150
PEDAGOGIA,C04,C07,2024-10-16 08:20:00,2024-10-16 10:50:00,Módulo 2 A-11,Chromebook,2:30,150
SOCIOLOGIA,C04,C06,2024-10-16 08:14:00,2024-10-16 10:44:00,Módulo 2 A-11,Chromebook,2:30,150
ENSEÃ‘ANZA DE ESPAÃ‘OL COMO LENGUA EXTRANJERA,C03,E03,2024-10-16 08:11:00,2024-10-16 10:41:00,Módulo 2 A-11,Chromebook,2:30,150
COMUNICACION,C04,C05,2024-10-16 08:08:00,2024-10-16 10:38:00,Módulo 2 A-11,Chromebook,2:30,150
PEDAGOGIA,C03,E02,2024-10-16 08:03:00,2024-10-16 10:33:00,Módulo 2 A-11,Chromebook,2:30,150
ARQUITECTURA,C03,E01,2024-10-16 08:05:00,2024-10-16 10:35:00,Módulo 2 A-11,Chromebook,2:30,150
COMUNICACION,C04,C04,2024-10-16 08:01:00,2024-10-16 10:31:00,Módulo 2 A-11,Chromebook,2:30,150
ENSEÃ‘ANZA DE INGLES,C04,C03,2024-10-16 08:01:00,2024-10-16 10:31:00,Módulo 2 A-11,Chromebook,2:30,150
ENSEÃ‘ANZA DE INGLES,C04,C01,2024-10-16 08:01:00,2024-10-16 10:31:00,Módulo 2 A-11,Chromebook,2:30,150
PEDAGOGIA,C06,E14,2024-10-15 17:29:00,2024-10-15 18:45:00,Módulo 2 A-11,Chromebook,1:16,76
PEDAGOGIA,C06,E13,2024-10-15 17:18:00,2024-10-15 18:45:00,Módulo 2 A-11,Chromebook,1:27,87
PEDAGOGIA,C06,E12,2024-10-15 17:18:00,2024-10-15 18:45:00,Módulo 2 A-11,Chromebook,1:27,87
PEDAGOGIA,C06,E08,2024-10-15 17:15:00,2024-10-15 18:45:00,Módulo 2 A-11,Chromebook,1:30,90
DERECHO,C06,E07,2024-10-15 17:09:00,2024-10-15 18:45:00,Módulo 2 A-11,Chromebook,1:36,96
DERECHO,C02,T03,2024-10-15 17:05:00,2024-10-15 18:45:00,Módulo 2 A-11,iPad,1:40,100
DERECHO,C06,E06,2024-10-15 16:57:00,2024-10-15 18:45:00,Módulo 2 A-11,Chromebook,1:48,108
ARQUITECTURA,C05,L09,2024-10-15 16:54:00,2024-10-15 18:45:00,Módulo 2 A-11,Laptop,1:51,111
ARQUITECTURA,C05,L08,2024-10-15 16:47:00,2024-10-15 18:45:00,Módulo 2 A-11,Laptop,1:58,118
ARQUITECTURA,C05,L07,2024-10-15 16:47:00,2024-10-15 18:45:00,Módulo 2 A-11,Laptop,1:58,118
HISTORIA,C06,E05,2024-10-15 16:45:00,2024-10-15 18:45:00,Módulo 2 A-11,Chromebook,2:00,120
DERECHO,C06,E04,2024-10-15 16:38:00,2024-10-15 18:45:00,Módulo 2 A-11,Chromebook,2:07,127
ARQUITECTURA,C05,L06,2024-10-15 16:23:00,2024-10-15 18:45:00,Módulo 2 A-11,Laptop,2:22,142
ARQUITECTURA,C05,L05,2024-10-15 16:21:00,2024-10-15 18:45:00,Módulo 2 A-11,Laptop,2:24,144
COMUNICACION,C05,L04,2024-10-15 16:09:00,2024-10-15 18:39:00,Módulo 2 A-11,Laptop,2:30,150
COMUNICACION,C05,L03,2024-10-15 16:07:00,2024-10-15 18:37:00,Módulo 2 A-11,Laptop,2:30,150
MATEMATICAS APLICADAS Y COMPUTACION,C06,E03,2024-10-15 15:52:00,2024-10-15 18:22:00,Módulo 2 A-11,Chromebook,2:30,150
COMUNICACION,C05,L02,2024-10-15 15:43:00,2024-10-15 18:13:00,Módulo 2 A-11,Laptop,2:30,150
PEDAGOGIA,C06,E02,2024-10-15 15:24:00,2024-10-15 17:54:00,Módulo 2 A-11,Chromebook,2:30,150
DERECHO,C04,C29,2024-10-15 15:22:00,2024-10-15 17:52:00,Módulo 2 A-11,Chromebook,2:30,150
DERECHO,C04,C28,2024-10-15 15:14:00,2024-10-15 17:44:00,Módulo 2 A-11,Chromebook,2:30,150
DERECHO,C04,C27,2024-10-15 15:13:00,2024-10-15 17:43:00,Módulo 2 A-11,Chromebook,2:30,150
DERECHO,C04,C25,2024-10-15 15:12:00,2024-10-15 17:42:00,Módulo 2 A-11,Chromebook,2:30,150
COMUNICACION,C04,C24,2024-10-15 15:07:00,2024-10-15 17:37:00,Módulo 2 A-11,Chromebook,2:30,150
DERECHO,C04,C23,2024-10-15 15:09:00,2024-10-15 17:39:00,Módulo 2 A-11,Chromebook,2:30,150
PEDAGOGIA,C04,C22,2024-10-15 15:04:00,2024-10-15 17:34:00,Módulo 2 A-11,Chromebook,2:30,150
DISEÃ‘O GRAFICO,C05,L01,2024-10-15 15:02:00,2024-10-15 17:32:00,Módulo 2 A-11,Laptop,2:30,150
DERECHO,C04,C21,2024-10-15 15:03:00,2024-10-15 17:33:00,Módulo 2 A-11,Chromebook,2:30,150
DERECHO,C04,C20,2024-10-15 15:03:00,2024-10-15 17:33:00,Módulo 2 A-11,Chromebook,2:30,150
PEDAGOGIA,C04,C19,2024-10-15 14:58:00,2024-10-15 17:28:00,Módulo 2 A-11,Chromebook,2:30,150
DERECHO,C04,C18,2024-10-15 14:59:00,2024-10-15 17:29:00,Módulo 2 A-11,Chromebook,2:30,150
PEDAGOGIA,C04,C17,2024-10-15 14:58:00,2024-10-15 17:28:00,Módulo 2 A-11,Chromebook,2:30,150
DERECHO,C04,C16,2024-10-15 14:57:00,2024-10-15 17:27:00,Módulo 2 A-11,Chromebook,2:30,150
PEDAGOGIA,C04,C15,2024-10-15 14:56:00,2024-10-15 17:26:00,Módulo 2 A-11,Chromebook,2:30,150
DERECHO,C04,C14,2024-10-15 14:50:00,2024-10-15 17:20:00,Módulo 2 A-11,Chromebook,2:30,150
PROFESOR,C04,C13,2024-10-15 14:33:00,2024-10-15 17:03:00,Módulo 2 A-11,Chromebook,2:30,150
ENSEÃ‘ANZA DE INGLES,C04,C12,2024-10-15 14:27:00,2024-10-15 16:57:00,Módulo 2 A-11,Chromebook,2:30,150
ARQUITECTURA,C05,L17,2024-10-15 14:22:00,2024-10-15 16:52:00,Módulo 2 A-11,Laptop,2:30,150
DERECHO,C04,C10,2024-10-15 14:20:00,2024-10-15 16:50:00,Módulo 2 A-11,Chromebook,2:30,150
ENSEÃ‘ANZA DE INGLES,C04,C08,2024-10-15 14:12:00,2024-10-15 16:42:00,Módulo 2 A-11,Chromebook,2:30,150
ENSEÃ‘ANZA DE INGLES,C04,C07,2024-10-15 13:58:00,2024-10-15 16:28:00,Módulo 2 A-11,Chromebook,2:30,150
COMUNICACION,C04,C06,2024-10-15 13:55:00,2024-10-15 16:25:00,Módulo 2 A-11,Chromebook,2:30,150
ENSEÃ‘ANZA DE INGLES,C04,C05,2024-10-15 13:13:00,2024-10-15 15:43:00,Módulo 2 A-11,Chromebook,2:30,150
PEDAGOGIA,C04,C04,2024-10-15 13:06:00,2024-10-15 15:36:00,Módulo 2 A-11,Chromebook,2:30,150
PEDAGOGIA,C04,C03,2024-10-15 13:04:00,2024-10-15 15:34:00,Módulo 2 A-11,Chromebook,2:30,150
PEDAGOGIA,C06,E30,2024-10-15 13:03:00,2024-10-15 15:33:00,Módulo 2 A-11,Chromebook,2:30,150
DERECHO,C06,E29,2024-10-15 13:03:00,2024-10-15 15:33:00,Módulo 2 A-11,Chromebook,2:30,150
PEDAGOGIA,C06,E28,2024-10-15 12:55:00,2024-10-15 15:25:00,Módulo 2 A-11,Chromebook,2:30,150
DERECHO,C06,E27,2024-10-15 12:50:00,2024-10-15 15:20:00,Módulo 2 A-11,Chromebook,2:30,150
DERECHO,C06,E26,2024-10-15 12:44:00,2024-10-15 15:14:00,Módulo 2 A-11,Chromebook,2:30,150
ENSEÃ‘ANZA DE INGLES,C06,E25,2024-10-15 12:43:00,2024-10-15 15:13:00,Módulo 2 A-11,Chromebook,2:30,150
DERECHO,C06,E24,2024-10-15 12:42:00,2024-10-15 15:12:00,Módulo 2 A-11,Chromebook,2:30,150
PEDAGOGIA,C06,E23,2024-10-15 12:42:00,2024-10-15 15:12:00,Módulo 2 A-11,Chromebook,2:30,150
DISEÃ‘O GRAFICO,C05,L15,2024-10-15 12:36:00,2024-10-15 15:06:00,Módulo 2 A-11,Laptop,2:30,150
DISEÃ‘O GRAFICO,C05,L14,2024-10-15 12:21:00,2024-10-15 14:51:00,Módulo 2 A-11,Laptop,2:30,150
COMUNICACION,C06,E22,2024-10-15 12:20:00,2024-10-15 14:50:00,Módulo 2 A-11,Chromebook,2:30,150
ENSEÃ‘ANZA DE INGLES,C06,E21,2024-10-15 12:08:00,2024-10-15 14:38:00,Módulo 2 A-11,Chromebook,2:30,150
COMUNICACION,C06,E18,2024-10-15 12:05:00,2024-10-15 14:35:00,Módulo 2 A-11,Chromebook,2:30,150
ENSEÃ‘ANZA DE INGLES,C06,E20,2024-10-15 11:54:00,2024-10-15 14:24:00,Módulo 2 A-11,Chromebook,2:30,150
PROFESOR,C06,E19,2024-10-15 11:52:00,2024-10-15 14:22:00,Módulo 2 A-11,Chromebook,2:30,150
RELACIONES INTERNACIONALES,C06,E17,2024-10-15 11:40:00,2024-10-15 14:10:00,Módulo 2 A-11,Chromebook,2:30,150
CIENCIAS POLITICAS Y ADMINISTRACION PUBLICA,C06,E16,2024-10-15 11:39:00,2024-10-15 14:09:00,Módulo 2 A-11,Chromebook,2:30,150
PEDAGOGIA,C06,E15,2024-10-15 11:35:00,2024-10-15 14:05:00,Módulo 2 A-11,Chromebook,2:30,150
RELACIONES INTERNACIONALES,C06,E14,2024-10-15 11:34:00,2024-10-15 14:04:00,Módulo 2 A-11,Chromebook,2:30,150
COMUNICACION,C06,E13,2024-10-15 11:29:00,2024-10-15 13:59:00,Módulo 2 A-11,Chromebook,2:30,150
HISTORIA,C06,E12,2024-10-15 11:23:00,2024-10-15 13:53:00,Módulo 2 A-11,Chromebook,2:30,150
HISTORIA,C06,E11,2024-10-15 11:13:00,2024-10-15 13:43:00,Módulo 2 A-11,Chromebook,2:30,150
HISTORIA,C06,E09,2024-10-15 11:11:00,2024-10-15 13:41:00,Módulo 2 A-11,Chromebook,2:30,150
ARQUITECTURA,C05,L13,2024-10-15 11:15:00,2024-10-15 13:45:00,Módulo 2 A-11,Laptop,2:30,150
PEDAGOGIA,C06,E08,2024-10-15 11:03:00,2024-10-15 13:33:00,Módulo 2 A-11,Chromebook,2:30,150
ARQUITECTURA,C05,L12,2024-10-15 11:08:00,2024-10-15 13:38:00,Módulo 2 A-11,Laptop,2:30,150
PEDAGOGIA,C06,E07,2024-10-15 11:00:00,2024-10-15 13:30:00,Módulo 2 A-11,Chromebook,2:30,150
PEDAGOGIA,C04,C30,2024-10-15 10:57:00,2024-10-15 13:27:00,Módulo 2 A-11,Chromebook,2:30,150
INGENIERIA CIVIL,C05,L11,2024-10-15 10:56:00,2024-10-15 13:26:00,Módulo 2 A-11,Laptop,2:30,150
PEDAGOGIA,C06,E06,2024-10-15 10:50:00,2024-10-15 13:20:00,Módulo 2 A-11,Chromebook,2:30,150
PEDAGOGIA,C06,E05,2024-10-15 10:50:00,2024-10-15 13:20:00,Módulo 2 A-11,Chromebook,2:30,150
PEDAGOGIA,C06,E04,2024-10-15 10:49:00,2024-10-15 13:19:00,Módulo 2 A-11,Chromebook,2:30,150
DERECHO,C06,E03,2024-10-15 10:49:00,2024-10-15 13:19:00,Módulo 2 A-11,Chromebook,2:30,150
PEDAGOGIA,C06,E02,2024-10-15 10:47:00,2024-10-15 13:17:00,Módulo 2 A-11,Chromebook,2:30,150
PEDAGOGIA,C04,C29,2024-10-15 10:43:00,2024-10-15 13:13:00,Módulo 2 A-11,Chromebook,2:30,150
PEDAGOGIA,C04,C28,2024-10-15 10:40:00,2024-10-15 13:10:00,Módulo 2 A-11,Chromebook,2:30,150
ARQUITECTURA,C05,L10,2024-10-15 10:40:00,2024-10-15 13:10:00,Módulo 2 A-11,Laptop,2:30,150
PEDAGOGIA,C04,C27,2024-10-15 10:37:00,2024-10-15 13:07:00,Módulo 2 A-11,Chromebook,2:30,150
PEDAGOGIA,C04,C25,2024-10-15 10:35:00,2024-10-15 13:05:00,Módulo 2 A-11,Chromebook,2:30,150
ARQUITECTURA,C05,L09,2024-10-15 10:39:00,2024-10-15 13:09:00,Módulo 2 A-11,Laptop,2:30,150
ENSEÃ‘ANZA DE INGLES,C04,C24,2024-10-15 10:31:00,2024-10-15 13:01:00,Módulo 2 A-11,Chromebook,2:30,150
DISEÃ‘O GRAFICO,C04,C23,2024-10-15 10:31:00,2024-10-15 13:01:00,Módulo 2 A-11,Chromebook,2:30,150
COMUNICACION,C04,C22,2024-10-15 10:31:00,2024-10-15 13:01:00,Módulo 2 A-11,Chromebook,2:30,150
PEDAGOGIA,C04,C21,2024-10-15 10:30:00,2024-10-15 13:00:00,Módulo 2 A-11,Chromebook,2:30,150
ARQUITECTURA,C05,L08,2024-10-15 10:24:00,2024-10-15 12:54:00,Módulo 2 A-11,Laptop,2:30,150
COMUNICACION,C04,C20,2024-10-15 10:15:00,2024-10-15 12:45:00,Módulo 2 A-11,Chromebook,2:30,150
PEDAGOGIA,C04,C19,2024-10-15 10:16:00,2024-10-15 12:46:00,Módulo 2 A-11,Chromebook,2:30,150
COMUNICACION,C04,C18,2024-10-15 10:12:00,2024-10-15 12:42:00,Módulo 2 A-11,Chromebook,2:30,150
COMUNICACION,C04,C17,2024-10-15 10:12:00,2024-10-15 12:42:00,Módulo 2 A-11,Chromebook,2:30,150
INGENIERIA CIVIL,C05,L07,2024-10-15 10:10:00,2024-10-15 12:40:00,Módulo 2 A-11,Laptop,2:30,150
COMUNICACION,C05,L06,2024-10-15 10:06:00,2024-10-15 12:36:00,Módulo 2 A-11,Laptop,2:30,150
DISEÃ‘O GRAFICO,C05,L05,2024-10-15 10:10:00,2024-10-15 12:40:00,Módulo 2 A-11,Laptop,2:30,150
ENSEÃ‘ANZA DE INGLES,C04,C16,2024-10-15 10:05:00,2024-10-15 12:35:00,Módulo 2 A-11,Chromebook,2:30,150
COMUNICACION,C03,E30,2024-10-15 09:59:00,2024-10-15 12:29:00,Módulo 2 A-11,Chromebook,2:30,150
ENSEÃ‘ANZA DE INGLES,C03,E29,2024-10-15 09:55:00,2024-10-15 12:25:00,Módulo 2 A-11,Chromebook,2:30,150
DERECHO,C03,E27,2024-10-15 09:55:00,2024-10-15 12:25:00,Módulo 2 A-11,Chromebook,2:30,150
ENSEÃ‘ANZA DE INGLES,C03,E26,2024-10-15 09:47:00,2024-10-15 12:17:00,Módulo 2 A-11,Chromebook,2:30,150
ENSEÃ‘ANZA DE INGLES,C03,E25,2024-10-15 09:43:00,2024-10-15 12:13:00,Módulo 2 A-11,Chromebook,2:30,150
DERECHO,C04,C15,2024-10-15 09:29:00,2024-10-15 11:59:00,Módulo 2 A-11,Chromebook,2:30,150
COMUNICACION,C03,E24,2024-10-15 09:29:00,2024-10-15 11:59:00,Módulo 2 A-11,Chromebook,2:30,150
ARQUITECTURA,C05,L04,2024-10-15 09:26:00,2024-10-15 11:56:00,Módulo 2 A-11,Laptop,2:30,150
ARQUITECTURA,C05,L03,2024-10-15 09:28:00,2024-10-15 11:58:00,Módulo 2 A-11,Laptop,2:30,150
ARQUITECTURA,C05,L02,2024-10-15 09:28:00,2024-10-15 11:58:00,Módulo 2 A-11,Laptop,2:30,150
PEDAGOGIA,C04,C14,2024-10-15 09:18:00,2024-10-15 11:48:00,Módulo 2 A-11,Chromebook,2:30,150
PEDAGOGIA,C04,C13,2024-10-15 09:19:00,2024-10-15 11:49:00,Módulo 2 A-11,Chromebook,2:30,150
PEDAGOGIA,C03,E23,2024-10-15 09:13:00,2024-10-15 11:43:00,Módulo 2 A-11,Chromebook,2:30,150
COMUNICACION,C04,C08,2024-10-15 09:11:00,2024-10-15 11:41:00,Módulo 2 A-11,Chromebook,2:30,150
PEDAGOGIA,C03,E21,2024-10-15 09:07:00,2024-10-15 11:37:00,Módulo 2 A-11,Chromebook,2:30,150
PEDAGOGIA,C04,C12,2024-10-15 09:04:00,2024-10-15 11:34:00,Módulo 2 A-11,Chromebook,2:30,150
PEDAGOGIA,C03,E20,2024-10-15 09:03:00,2024-10-15 11:33:00,Módulo 2 A-11,Chromebook,2:30,150
PEDAGOGIA,C04,C10,2024-10-15 09:03:00,2024-10-15 11:33:00,Módulo 2 A-11,Chromebook,2:30,150
PEDAGOGIA,C03,E18,2024-10-15 09:02:00,2024-10-15 11:32:00,Módulo 2 A-11,Chromebook,2:30,150
DERECHO,C03,E17,2024-10-15 09:00:00,2024-10-15 11:30:00,Módulo 2 A-11,Chromebook,2:30,150
PROFESOR,C03,E16,2024-10-15 08:54:00,2024-10-15 11:24:00,Módulo 2 A-11,Chromebook,2:30,150
DERECHO,C03,E15,2024-10-15 08:55:00,2024-10-15 11:25:00,Módulo 2 A-11,Chromebook,2:30,150
PEDAGOGIA,C03,E14,2024-10-15 08:57:00,2024-10-15 11:27:00,Módulo 2 A-11,Chromebook,2:30,150
DERECHO,C03,E13,2024-10-15 08:52:00,2024-10-15 11:22:00,Módulo 2 A-11,Chromebook,2:30,150
PEDAGOGIA,C03,E12,2024-10-15 08:57:00,2024-10-15 11:27:00,Módulo 2 A-11,Chromebook,2:30,150
DERECHO,C03,E11,2024-10-15 08:47:00,2024-10-15 11:17:00,Módulo 2 A-11,Chromebook,2:30,150
DERECHO,C04,C07,2024-10-15 08:42:00,2024-10-15 11:12:00,Módulo 2 A-11,Chromebook,2:30,150
ECONOMIA,C03,E10,2024-10-15 08:28:00,2024-10-15 10:58:00,Módulo 2 A-11,Chromebook,2:30,150
COMUNICACION,C03,E09,2024-10-15 08:22:00,2024-10-15 10:52:00,Módulo 2 A-11,Chromebook,2:30,150
PROFESOR,C03,E08,2024-10-15 08:22:00,2024-10-15 10:52:00,Módulo 2 A-11,Chromebook,2:30,150
COMUNICACION,C03,E07,2024-10-15 08:20:00,2024-10-15 10:50:00,Módulo 2 A-11,Chromebook,2:30,150
COMUNICACION,C02,T02,2024-10-15 08:20:00,2024-10-15 10:50:00,Módulo 2 A-11,iPad,2:30,150
ECONOMIA,C03,E06,2024-10-15 08:18:00,2024-10-15 10:48:00,Módulo 2 A-11,Chromebook,2:30,150
COMUNICACION,C03,E05,2024-10-15 08:17:00,2024-10-15 10:47:00,Módulo 2 A-11,Chromebook,2:30,150
COMUNICACION,C04,C06,2024-10-15 08:15:00,2024-10-15 10:45:00,Módulo 2 A-11,Chromebook,2:30,150
DERECHO,C03,E04,2024-10-15 08:13:00,2024-10-15 10:43:00,Módulo 2 A-11,Chromebook,2:30,150
ENSEÃ‘ANZA DE INGLES,C04,C05,2024-10-15 08:12:00,2024-10-15 10:42:00,Módulo 2 A-11,Chromebook,2:30,150
ENSEÃ‘ANZA DE INGLES,C04,C03,2024-10-15 08:11:00,2024-10-15 10:41:00,Módulo 2 A-11,Chromebook,2:30,150
COMUNICACION,C02,T01,2024-10-15 08:08:00,2024-10-15 10:38:00,Módulo 2 A-11,iPad,2:30,150
SOCIOLOGIA,C04,C04,2024-10-15 08:08:00,2024-10-15 10:38:00,Módulo 2 A-11,Chromebook,2:30,150
INGENIERIA CIVIL,C05,L01,2024-10-15 08:07:00,2024-10-15 10:37:00,Módulo 2 A-11,Laptop,2:30,150
RELACIONES INTERNACIONALES,C03,E03,2024-10-15 08:04:00,2024-10-15 10:34:00,Módulo 2 A-11,Chromebook,2:30,150
CIENCIAS POLITICAS Y ADMINISTRACION PUBLICA,C03,E02,2024-10-15 08:01:00,2024-10-15 10:31:00,Módulo 2 A-11,Chromebook,2:30,150
PEDAGOGIA,C03,E01,2024-10-15 08:01:00,2024-10-15 10:31:00,Módulo 2 A-11,Chromebook,2:30,150
PROFESOR,C04,C01,2024-10-15 08:00:00,2024-10-15 10:30:00,Módulo 2 A-11,Chromebook,2:30,150
PEDAGOGIA,C04,C23,2024-10-14 17:18:00,2024-10-14 18:45:00,Módulo 2 A-11,Chromebook,1:27,87
DERECHO,C02,T06,2024-10-14 17:14:00,2024-10-14 18:45:00,Módulo 2 A-11,iPad,1:31,91
DERECHO,C04,C22,2024-10-14 17:11:00,2024-10-14 18:45:00,Módulo 2 A-11,Chromebook,1:34,94
ECONOMIA,C04,C21,2024-10-14 17:12:00,2024-10-14 18:45:00,Módulo 2 A-11,Chromebook,1:33,93
DERECHO,C02,T05,2024-10-14 16:58:00,2024-10-14 18:45:00,Módulo 2 A-11,iPad,1:47,107
LENGUA Y LITERATURAS HISPANICAS,C04,C20,2024-10-14 16:55:00,2024-10-14 18:45:00,Módulo 2 A-11,Chromebook,1:50,110
ARQUITECTURA,C05,L17,2024-10-14 16:57:00,2024-10-14 18:45:00,Módulo 2 A-11,Laptop,1:48,108
ARQUITECTURA,C05,L15,2024-10-14 16:56:00,2024-10-14 18:45:00,Módulo 2 A-11,Laptop,1:49,109
ENSEÃ‘ANZA DE INGLES,C04,C19,2024-10-14 16:49:00,2024-10-14 18:45:00,Módulo 2 A-11,Chromebook,1:56,116
ARQUITECTURA,C05,L14,2024-10-14 16:47:00,2024-10-14 18:45:00,Módulo 2 A-11,Laptop,1:58,118
ECONOMIA,C04,C18,2024-10-14 16:42:00,2024-10-14 18:45:00,Módulo 2 A-11,Chromebook,2:03,123
PEDAGOGIA,C04,C17,2024-10-14 16:29:00,2024-10-14 18:45:00,Módulo 2 A-11,Chromebook,2:16,136
FILOSOFIA,C04,C16,2024-10-14 16:28:00,2024-10-14 18:45:00,Módulo 2 A-11,Chromebook,2:17,137
COMUNICACION,C04,C15,2024-10-14 16:21:00,2024-10-14 18:45:00,Módulo 2 A-11,Chromebook,2:24,144
ARQUITECTURA,C05,L13,2024-10-14 16:01:00,2024-10-14 18:31:00,Módulo 2 A-11,Laptop,2:30,150
DISEÃ‘O GRAFICO,C05,L12,2024-10-14 16:03:00,2024-10-14 18:33:00,Módulo 2 A-11,Laptop,2:30,150
ENSEÃ‘ANZA DE INGLES,C04,C14,2024-10-14 15:57:00,2024-10-14 18:27:00,Módulo 2 A-11,Chromebook,2:30,150
COMUNICACION,C04,C13,2024-10-14 15:58:00,2024-10-14 18:28:00,Módulo 2 A-11,Chromebook,2:30,150
SOCIOLOGIA,C04,C12,2024-10-14 15:56:00,2024-10-14 18:26:00,Módulo 2 A-11,Chromebook,2:30,150
COMUNICACION,C04,C10,2024-10-14 15:55:00,2024-10-14 18:25:00,Módulo 2 A-11,Chromebook,2:30,150
SOCIOLOGIA,C04,C08,2024-10-14 15:53:00,2024-10-14 18:23:00,Módulo 2 A-11,Chromebook,2:30,150
COMUNICACION,C05,L11,2024-10-14 15:52:00,2024-10-14 18:22:00,Módulo 2 A-11,Laptop,2:30,150
PEDAGOGIA,C04,C07,2024-10-14 15:36:00,2024-10-14 18:06:00,Módulo 2 A-11,Chromebook,2:30,150
PEDAGOGIA,C04,C06,2024-10-14 15:35:00,2024-10-14 18:05:00,Módulo 2 A-11,Chromebook,2:30,150
PEDAGOGIA,C04,C05,2024-10-14 15:31:00,2024-10-14 18:01:00,Módulo 2 A-11,Chromebook,2:30,150
DERECHO,C04,C04,2024-10-14 15:24:00,2024-10-14 17:54:00,Módulo 2 A-11,Chromebook,2:30,150
DERECHO,C04,C03,2024-10-14 15:16:00,2024-10-14 17:46:00,Módulo 2 A-11,Chromebook,2:30,150
DERECHO,C04,C01,2024-10-14 15:15:00,2024-10-14 17:45:00,Módulo 2 A-11,Chromebook,2:30,150
LENGUA Y LITERATURAS HISPANICAS,C07,E04,2024-10-14 15:07:00,2024-10-14 17:37:00,Módulo 2 A-11,Chromebook,2:30,150
PEDAGOGIA,C07,E03,2024-10-14 15:06:00,2024-10-14 17:36:00,Módulo 2 A-11,Chromebook,2:30,150
DERECHO,C07,E02,2024-10-14 14:50:00,2024-10-14 17:20:00,Módulo 2 A-11,Chromebook,2:30,150
ENSEÃ‘ANZA DE INGLES,C07,E01,2024-10-14 14:47:00,2024-10-14 17:17:00,Módulo 2 A-11,Chromebook,2:30,150
INGENIERIA CIVIL,C06,E30,2024-10-14 14:37:00,2024-10-14 17:07:00,Módulo 2 A-11,Chromebook,2:30,150
RELACIONES INTERNACIONALES,C06,E29,2024-10-14 14:35:00,2024-10-14 17:05:00,Módulo 2 A-11,Chromebook,2:30,150
DERECHO,C06,E28,2024-10-14 14:32:00,2024-10-14 17:02:00,Módulo 2 A-11,Chromebook,2:30,150
DERECHO,C06,E27,2024-10-14 14:33:00,2024-10-14 17:03:00,Módulo 2 A-11,Chromebook,2:30,150
COMUNICACION,C05,L10,2024-10-14 14:25:00,2024-10-14 16:55:00,Módulo 2 A-11,Laptop,2:30,150
COMUNICACION,C06,E26,2024-10-14 14:19:00,2024-10-14 16:49:00,Módulo 2 A-11,Chromebook,2:30,150
COMUNICACION,C06,E25,2024-10-14 14:13:00,2024-10-14 16:43:00,Módulo 2 A-11,Chromebook,2:30,150
COMUNICACION,C05,L09,2024-10-14 14:11:00,2024-10-14 16:41:00,Módulo 2 A-11,Laptop,2:30,150
DERECHO,C06,E24,2024-10-14 14:09:00,2024-10-14 16:39:00,Módulo 2 A-11,Chromebook,2:30,150
COMUNICACION,C05,L08,2024-10-14 14:05:00,2024-10-14 16:35:00,Módulo 2 A-11,Laptop,2:30,150
RELACIONES INTERNACIONALES,C06,E23,2024-10-14 13:58:00,2024-10-14 16:28:00,Módulo 2 A-11,Chromebook,2:30,150
LENGUA Y LITERATURAS HISPANICAS,C06,E22,2024-10-14 13:57:00,2024-10-14 16:27:00,Módulo 2 A-11,Chromebook,2:30,150
INGENIERIA CIVIL,C05,L07,2024-10-14 13:58:00,2024-10-14 16:28:00,Módulo 2 A-11,Laptop,2:30,150
INGENIERIA CIVIL,C05,L06,2024-10-14 13:46:00,2024-10-14 16:16:00,Módulo 2 A-11,Laptop,2:30,150
INGENIERIA CIVIL,C05,L05,2024-10-14 13:43:00,2024-10-14 16:13:00,Módulo 2 A-11,Laptop,2:30,150
DERECHO,C06,E21,2024-10-14 13:41:00,2024-10-14 16:11:00,Módulo 2 A-11,Chromebook,2:30,150
PEDAGOGIA,C06,E20,2024-10-14 13:39:00,2024-10-14 16:09:00,Módulo 2 A-11,Chromebook,2:30,150
ENSEÃ‘ANZA DE INGLES,C06,E19,2024-10-14 13:41:00,2024-10-14 16:11:00,Módulo 2 A-11,Chromebook,2:30,150
PEDAGOGIA,C06,E18,2024-10-14 13:38:00,2024-10-14 16:08:00,Módulo 2 A-11,Chromebook,2:30,150
PEDAGOGIA,C06,E15,2024-10-14 13:20:00,2024-10-14 15:50:00,Módulo 2 A-11,Chromebook,2:30,150
INGENIERIA CIVIL,C05,L04,2024-10-14 13:19:00,2024-10-14 15:49:00,Módulo 2 A-11,Laptop,2:30,150
PEDAGOGIA,C06,E17,2024-10-14 13:11:00,2024-10-14 15:41:00,Módulo 2 A-11,Chromebook,2:30,150
ENSEÃ‘ANZA DE INGLES,C06,E16,2024-10-14 13:06:00,2024-10-14 15:36:00,Módulo 2 A-11,Chromebook,2:30,150
DERECHO,C06,E14,2024-10-14 13:05:00,2024-10-14 15:35:00,Módulo 2 A-11,Chromebook,2:30,150
SOCIOLOGIA,C06,E13,2024-10-14 13:02:00,2024-10-14 15:32:00,Módulo 2 A-11,Chromebook,2:30,150
HISTORIA,C06,E12,2024-10-14 12:59:00,2024-10-14 15:29:00,Módulo 2 A-11,Chromebook,2:30,150
PEDAGOGIA,C06,E11,2024-10-14 12:35:00,2024-10-14 15:05:00,Módulo 2 A-11,Chromebook,2:30,150
ENSEÃ‘ANZA DE INGLES,C06,E09,2024-10-14 12:32:00,2024-10-14 15:02:00,Módulo 2 A-11,Chromebook,2:30,150
COMUNICACION,C06,E08,2024-10-14 12:29:00,2024-10-14 14:59:00,Módulo 2 A-11,Chromebook,2:30,150
ARQUITECTURA,C05,L03,2024-10-14 12:17:00,2024-10-14 14:47:00,Módulo 2 A-11,Laptop,2:30,150
SOCIOLOGIA,C06,E07,2024-10-14 12:02:00,2024-10-14 14:32:00,Módulo 2 A-11,Chromebook,2:30,150
COMUNICACION,C06,E06,2024-10-14 11:39:00,2024-10-14 14:09:00,Módulo 2 A-11,Chromebook,2:30,150
PEDAGOGIA,C06,E05,2024-10-14 11:37:00,2024-10-14 14:07:00,Módulo 2 A-11,Chromebook,2:30,150
PEDAGOGIA,C06,E04,2024-10-14 11:35:00,2024-10-14 14:05:00,Módulo 2 A-11,Chromebook,2:30,150
HISTORIA,C06,E03,2024-10-14 11:19:00,2024-10-14 13:49:00,Módulo 2 A-11,Chromebook,2:30,150
PEDAGOGIA,C06,E02,2024-10-14 11:15:00,2024-10-14 13:45:00,Módulo 2 A-11,Chromebook,2:30,150
PEDAGOGIA,C04,C30,2024-10-14 11:13:00,2024-10-14 13:43:00,Módulo 2 A-11,Chromebook,2:30,150
PEDAGOGIA,C03,E30,2024-10-14 11:12:00,2024-10-14 13:42:00,Módulo 2 A-11,Chromebook,2:30,150
PROFESOR,C03,E29,2024-10-14 11:10:00,2024-10-14 13:40:00,Módulo 2 A-11,Chromebook,2:30,150
PROFESOR,C04,C29,2024-10-14 11:08:00,2024-10-14 13:38:00,Módulo 2 A-11,Chromebook,2:30,150
PEDAGOGIA,C03,E27,2024-10-14 11:13:00,2024-10-14 13:43:00,Módulo 2 A-11,Chromebook,2:30,150
ENSEÃ‘ANZA DE INGLES,C04,C28,2024-10-14 11:12:00,2024-10-14 13:42:00,Módulo 2 A-11,Chromebook,2:30,150
ENSEÃ‘ANZA DE INGLES,C04,C27,2024-10-14 11:09:00,2024-10-14 13:39:00,Módulo 2 A-11,Chromebook,2:30,150
PEDAGOGIA,C04,C25,2024-10-14 11:06:00,2024-10-14 13:36:00,Módulo 2 A-11,Chromebook,2:30,150
ENSEÃ‘ANZA DE INGLES,C04,C24,2024-10-14 11:06:00,2024-10-14 13:36:00,Módulo 2 A-11,Chromebook,2:30,150
PROFESOR,C04,C23,2024-10-14 11:05:00,2024-10-14 13:35:00,Módulo 2 A-11,Chromebook,2:30,150
PEDAGOGIA,C04,C22,2024-10-14 11:05:00,2024-10-14 13:35:00,Módulo 2 A-11,Chromebook,2:30,150
ENSEÃ‘ANZA DE INGLES,C04,C21,2024-10-14 11:03:00,2024-10-14 13:33:00,Módulo 2 A-11,Chromebook,2:30,150
PROFESOR,C04,C20,2024-10-14 11:02:00,2024-10-14 13:32:00,Módulo 2 A-11,Chromebook,2:30,150
PEDAGOGIA,C04,C19,2024-10-14 11:00:00,2024-10-14 13:30:00,Módulo 2 A-11,Chromebook,2:30,150
PEDAGOGIA,C04,C18,2024-10-14 10:57:00,2024-10-14 13:27:00,Módulo 2 A-11,Chromebook,2:30,150
PEDAGOGIA,C03,E26,2024-10-14 10:56:00,2024-10-14 13:26:00,Módulo 2 A-11,Chromebook,2:30,150
PEDAGOGIA,C04,C17,2024-10-14 10:55:00,2024-10-14 13:25:00,Módulo 2 A-11,Chromebook,2:30,150
PEDAGOGIA,C03,E25,2024-10-14 10:55:00,2024-10-14 13:25:00,Módulo 2 A-11,Chromebook,2:30,150
PEDAGOGIA,C03,E24,2024-10-14 10:54:00,2024-10-14 13:24:00,Módulo 2 A-11,Chromebook,2:30,150
ENSEÃ‘ANZA DE INGLES,C04,C16,2024-10-14 10:51:00,2024-10-14 13:21:00,Módulo 2 A-11,Chromebook,2:30,150
ENSEÃ‘ANZA DE INGLES,C03,E23,2024-10-14 10:50:00,2024-10-14 13:20:00,Módulo 2 A-11,Chromebook,2:30,150
DERECHO,C03,E21,2024-10-14 10:49:00,2024-10-14 13:19:00,Módulo 2 A-11,Chromebook,2:30,150
ENSEÃ‘ANZA DE INGLES,C04,C15,2024-10-14 10:52:00,2024-10-14 13:22:00,Módulo 2 A-11,Chromebook,2:30,150
PEDAGOGIA,C04,C14,2024-10-14 10:45:00,2024-10-14 13:15:00,Módulo 2 A-11,Chromebook,2:30,150
PEDAGOGIA,C03,E20,2024-10-14 10:45:00,2024-10-14 13:15:00,Módulo 2 A-11,Chromebook,2:30,150
COMUNICACION,C04,C13,2024-10-14 10:44:00,2024-10-14 13:14:00,Módulo 2 A-11,Chromebook,2:30,150
ENSEÃ‘ANZA DE INGLES,C03,E18,2024-10-14 10:31:00,2024-10-14 13:01:00,Módulo 2 A-11,Chromebook,2:30,150
COMUNICACION,C03,E17,2024-10-14 10:22:00,2024-10-14 12:52:00,Módulo 2 A-11,Chromebook,2:30,150
COMUNICACION,C03,E16,2024-10-14 10:20:00,2024-10-14 12:50:00,Módulo 2 A-11,Chromebook,2:30,150
DERECHO,C03,E15,2024-10-14 10:17:00,2024-10-14 12:47:00,Módulo 2 A-11,Chromebook,2:30,150
ECONOMIA,C03,E14,2024-10-14 10:12:00,2024-10-14 12:42:00,Módulo 2 A-11,Chromebook,2:30,150
PROFESOR,C03,E13,2024-10-14 10:09:00,2024-10-14 12:39:00,Módulo 2 A-11,Chromebook,2:30,150
COMUNICACION,C02,T04,2024-10-14 10:08:00,2024-10-14 12:38:00,Módulo 2 A-11,iPad,2:30,150
COMUNICACION,C02,T03,2024-10-14 10:07:00,2024-10-14 12:37:00,Módulo 2 A-11,iPad,2:30,150
ENSEÃ‘ANZA DE INGLES,C04,C12,2024-10-14 10:06:00,2024-10-14 12:36:00,Módulo 2 A-11,Chromebook,2:30,150
DERECHO,C03,E12,2024-10-14 10:03:00,2024-10-14 12:33:00,Módulo 2 A-11,Chromebook,2:30,150
LENGUA Y LITERATURAS HISPANICAS,C03,E11,2024-10-14 09:50:00,2024-10-14 12:20:00,Módulo 2 A-11,Chromebook,2:30,150
COMUNICACION,C05,L02,2024-10-14 09:49:00,2024-10-14 12:19:00,Módulo 2 A-11,Laptop,2:30,150
DERECHO,C03,E10,2024-10-14 09:48:00,2024-10-14 12:18:00,Módulo 2 A-11,Chromebook,2:30,150
ENSEÃ‘ANZA DE INGLES,C03,E09,2024-10-14 09:30:00,2024-10-14 12:00:00,Módulo 2 A-11,Chromebook,2:30,150
DERECHO,C02,T02,2024-10-14 09:27:00,2024-10-14 11:57:00,Módulo 2 A-11,iPad,2:30,150
HISTORIA,C03,E08,2024-10-14 09:10:00,2024-10-14 11:40:00,Módulo 2 A-11,Chromebook,2:30,150
PEDAGOGIA,C04,C10,2024-10-14 09:01:00,2024-10-14 11:31:00,Módulo 2 A-11,Chromebook,2:30,150
PEDAGOGIA,C04,C08,2024-10-14 08:45:00,2024-10-14 11:15:00,Módulo 2 A-11,Chromebook,2:30,150
SOCIOLOGIA,C04,C07,2024-10-14 08:40:00,2024-10-14 11:10:00,Módulo 2 A-11,Chromebook,2:30,150
DERECHO,C03,E07,2024-10-14 08:40:00,2024-10-14 11:10:00,Módulo 2 A-11,Chromebook,2:30,150
COMUNICACION,C02,T01,2024-10-14 08:40:00,2024-10-14 11:10:00,Módulo 2 A-11,iPad,2:30,150
HISTORIA,C03,E06,2024-10-14 08:23:00,2024-10-14 10:53:00,Módulo 2 A-11,Chromebook,2:30,150
ENSEÃ‘ANZA DE INGLES,C04,C06,2024-10-14 08:25:00,2024-10-14 10:55:00,Módulo 2 A-11,Chromebook,2:30,150
ENSEÃ‘ANZA DE INGLES,C04,C05,2024-10-14 08:25:00,2024-10-14 10:55:00,Módulo 2 A-11,Chromebook,2:30,150
RELACIONES INTERNACIONALES,C03,E05,2024-10-14 08:14:00,2024-10-14 10:44:00,Módulo 2 A-11,Chromebook,2:30,150
PROFESOR,C03,E04,2024-10-14 08:14:00,2024-10-14 10:44:00,Módulo 2 A-11,Chromebook,2:30,150
PEDAGOGIA,C04,C04,2024-10-14 08:10:00,2024-10-14 10:40:00,Módulo 2 A-11,Chromebook,2:30,150
SOCIOLOGIA,C03,E03,2024-10-14 08:10:00,2024-10-14 10:40:00,Módulo 2 A-11,Chromebook,2:30,150
COMUNICACION,C04,C03,2024-10-14 08:06:00,2024-10-14 10:36:00,Módulo 2 A-11,Chromebook,2:30,150
COMUNICACION,C05,L01,2024-10-14 08:01:00,2024-10-14 10:31:00,Módulo 2 A-11,Laptop,2:30,150
PEDAGOGIA,C03,E02,2024-10-14 07:59:00,2024-10-14 10:29:00,Módulo 2 A-11,Chromebook,2:30,150
DERECHO,C03,E01,2024-10-14 07:59:00,2024-10-14 10:29:00,Módulo 2 A-11,Chromebook,2:30,150
PROFESOR,C04,C01,2024-10-14 07:59:00,2024-10-14 10:29:00,Módulo 2 A-11,Chromebook,2:30,150
